,PostalCode,Bedrooms,CheaperRent,MedianRent,HigherRent
0,2000,-1,617,770,1050
1,2000,0,528,610,676
2,2000,1,559,680,800
3,2000,2,1000,1150,1300
4,2000,3,1425,1695,2050
5,2000,-1,895,1100,1350
6,2000,2,1038,1150,1358
7,2000,-1,529,579,671
8,2000,1,529,579,669
9,2000,-1,750,950,1200
10,2000,0,570,640,693
11,2000,1,700,800,900
12,2000,2,1000,1150,1300
13,2000,3,1480,1700,2000
14,2007,-1,369,409,600
15,2007,0,414,475,596
16,2007,1,369,389,529
17,2007,2,800,920,1100
18,2007,3,1163,1300,1450
19,2007,-1,630,750,881
20,2007,-1,369,385,429
21,2007,1,369,385,429
22,2007,-1,550,675,823
23,2007,1,510,600,680
24,2007,2,800,920,1100
25,2008,-1,549,650,779
26,2008,0,400,450,525
27,2008,1,549,639,729
28,2008,2,845,900,1100
29,2008,3,1090,1250,1400
30,2008,-1,611,850,1116
31,2008,1,600,600,671
32,2008,-1,425,569,679
33,2008,1,425,569,679
34,2008,-1,678,950,1005
35,2008,-1,617,730,845
36,2008,0,420,450,730
37,2008,1,608,684,800
38,2008,2,845,900,1121
39,2008,3,1250,1400,1500
40,2009,-1,700,850,1000
41,2009,1,620,660,725
42,2009,2,850,900,1000
43,2009,3,1180,1400,1605
44,2009,-1,710,870,1100
45,2009,-1,363,750,830
46,2009,-1,700,850,1000
47,2009,1,621,668,724
48,2009,2,850,900,1000
49,2009,3,1240,1425,1700
50,2010,-1,570,720,900
51,2010,0,360,450,520
52,2010,1,525,650,750
53,2010,2,800,900,1075
54,2010,3,1100,1200,1400
55,2010,4,1250,1420,1600
56,2010,-1,810,1000,1300
57,2010,1,428,575,795
58,2010,2,808,888,988
59,2010,3,1095,1200,1400
60,2010,4,1250,1420,1600
61,2010,-1,69,111,475
62,2010,0,61,73,108
63,2010,-1,888,1100,1213
64,2010,2,831,900,1106
65,2010,3,1100,1175,1225
66,2010,-1,560,695,850
67,2010,0,404,458,539
68,2010,1,548,650,750
69,2010,2,800,900,1100
70,2010,3,1100,1300,1600
71,2011,-1,475,620,830
72,2011,0,400,450,480
73,2011,1,495,595,710
74,2011,2,850,975,1150
75,2011,3,990,1200,1500
76,2011,-1,530,838,960
77,2011,1,500,600,804
78,2011,-1,60,65,460
79,2011,-1,480,605,820
80,2011,0,400,450,483
81,2011,1,494,595,700
82,2011,2,850,978,1150
83,2011,3,1000,1250,1700
84,2015,-1,660,750,860
85,2015,1,600,670,711
86,2015,2,750,850,899
87,2015,3,981,1148,1200
88,2015,-1,775,870,1200
89,2015,2,779,850,923
90,2015,3,994,1200,1200
91,2015,-1,800,900,1200
92,2015,-1,635,730,804
93,2015,1,600,665,700
94,2015,2,750,810,875
95,2016,-1,539,608,679
96,2016,0,420,458,595
97,2016,1,529,579,649
98,2016,2,775,850,950
99,2016,3,950,1075,1220
100,2016,4,1325,1500,1600
101,2016,-1,796,950,1221
102,2016,2,760,850,950
103,2016,3,900,1050,1200
104,2016,4,1338,1488,1625
105,2016,-1,519,559,639
106,2016,1,519,569,639
107,2016,-1,800,950,1250
108,2016,-1,561,619,700
109,2016,0,425,458,578
110,2016,1,559,608,659
111,2016,2,794,868,956
112,2016,3,1000,1050,1200
113,2017,-1,750,900,1050
114,2017,1,700,750,790
115,2017,2,900,970,1050
116,2017,3,1200,1330,1450
117,2017,-1,763,950,1185
118,2017,2,795,950,1000
119,2017,-1,750,900,950
120,2017,2,900,950,950
121,2017,-1,1048,1300,1376
122,2017,-1,750,900,1050
123,2017,1,700,750,795
124,2017,2,900,970,1050
125,2017,3,1215,1350,1450
126,2018,-1,720,865,1000
127,2018,1,660,700,750
128,2018,2,830,900,970
129,2018,3,1150,1200,1300
130,2018,4,1330,1450,1625
131,2018,-1,850,1045,1281
132,2018,3,944,1110,1200
133,2018,-1,855,880,900
134,2018,-1,700,850,993
135,2018,1,660,700,750
136,2018,2,820,900,970
137,2018,3,1200,1240,1300
138,2019,-1,700,800,940
139,2019,1,650,680,700
140,2019,2,800,850,900
141,2019,3,1000,1090,1150
142,2019,-1,900,1050,1183
143,2019,-1,890,995,1163
144,2019,-1,680,760,880
145,2019,1,650,680,700
146,2019,2,800,850,900
147,2019,3,1065,1100,1150
148,2020,-1,680,800,1000
149,2020,1,579,680,739
150,2020,2,880,950,1000
151,2020,3,1150,1210,1300
152,2020,-1,800,910,1100
153,2020,3,813,1000,1100
154,2020,-1,750,865,1244
155,2020,-1,679,799,980
156,2020,1,579,680,739
157,2020,2,890,950,1000
158,2020,3,1170,1230,1300
159,2021,-1,500,700,1080
160,2021,0,368,433,470
161,2021,1,475,575,650
162,2021,2,750,895,1043
163,2021,3,1263,1450,1638
164,2021,4,1675,2000,2350
165,2021,-1,850,1200,1590
166,2021,2,790,900,1150
167,2021,3,1338,1463,1613
168,2021,-1,1000,1163,1478
169,2021,2,950,1000,1075
170,2021,3,1350,1470,1850
171,2021,-1,470,580,713
172,2021,0,390,445,470
173,2021,1,475,575,650
174,2021,2,700,800,900
175,2022,-1,700,850,1150
176,2022,1,600,735,810
177,2022,2,843,1000,1150
178,2022,3,1200,1300,1648
179,2022,4,1625,1900,2150
180,2022,-1,1138,1500,1960
181,2022,3,1219,1370,1613
182,2022,4,1625,2000,2300
183,2022,-1,360,360,378
184,2022,-1,721,825,1100
185,2022,1,650,750,821
186,2022,2,843,1005,1150
187,2022,3,1150,1275,1499
188,2023,-1,750,825,1250
189,2023,1,563,725,765
190,2023,2,750,800,850
191,2023,3,1500,1650,1999
192,2023,4,2000,3125,3575
193,2023,-1,1500,2000,3500
194,2023,-1,731,800,924
195,2023,1,543,688,771
196,2023,2,750,800,850
197,2024,-1,680,850,1050
198,2024,1,500,625,680
199,2024,2,800,880,1000
200,2024,3,1196,1375,1600
201,2024,-1,1173,1500,1813
202,2024,-1,650,800,950
203,2024,1,513,625,685
204,2024,2,800,875,995
205,2025,-1,700,908,1300
206,2025,1,550,635,686
207,2025,2,743,850,963
208,2025,3,1175,1380,1725
209,2025,-1,913,1150,1778
210,2025,-1,653,798,950
211,2025,1,550,630,655
212,2025,2,735,825,950
213,2026,-1,716,875,1100
214,2026,0,340,500,593
215,2026,1,600,700,821
216,2026,2,800,910,1100
217,2026,3,1150,1300,1698
218,2026,4,1975,2500,3250
219,2026,-1,950,1450,1875
220,2026,2,865,1025,1150
221,2026,3,1450,1520,1775
222,2026,4,1995,2500,3250
223,2026,-1,60,250,520
224,2026,-1,1050,1150,1470
225,2026,-1,701,850,1050
226,2026,0,494,538,650
227,2026,1,600,700,819
228,2026,2,800,900,1100
229,2026,3,1100,1270,1500
230,2027,-1,695,920,1450
231,2027,1,474,650,699
232,2027,2,850,925,1100
233,2027,3,1250,1550,1800
234,2027,-1,675,895,1375
235,2027,1,474,650,699
236,2027,2,850,953,1113
237,2027,3,1250,1450,1748
238,2028,-1,776,925,1273
239,2028,2,771,850,996
240,2028,3,1225,1550,2325
241,2028,-1,750,880,1100
242,2028,2,768,850,998
243,2028,3,1131,1398,1850
244,2029,-1,700,850,1300
245,2029,1,550,625,700
246,2029,2,725,800,925
247,2029,3,1150,1600,1998
248,2029,4,1538,2000,2738
249,2029,-1,1180,1650,2600
250,2029,-1,690,798,999
251,2029,1,550,623,700
252,2029,2,725,800,913
253,2029,3,996,1563,1850
254,2030,-1,771,925,1415
255,2030,2,735,800,929
256,2030,3,995,1200,1650
257,2030,4,2375,2900,4063
258,2030,-1,1475,2200,2988
259,2030,4,2325,2725,3850
260,2030,-1,741,840,984
261,2030,2,723,800,923
262,2030,3,925,1100,1295
263,2031,-1,675,750,900
264,2031,1,570,640,700
265,2031,2,700,760,850
266,2031,3,1050,1233,1455
267,2031,4,1500,1800,2138
268,2031,-1,838,1300,1763
269,2031,3,1063,1300,1388
270,2031,4,1550,1850,2250
271,2031,-1,675,750,850
272,2031,1,583,650,714
273,2031,2,700,750,850
274,2031,3,1050,1150,1343
275,2032,-1,530,720,900
276,2032,0,530,530,530
277,2032,1,370,450,515
278,2032,2,680,740,820
279,2032,3,930,1050,1200
280,2032,4,1350,1540,1700
281,2032,-1,673,978,1543
282,2032,4,1393,1575,1700
283,2032,-1,530,530,535
284,2032,0,530,530,530
285,2032,-1,864,950,1119
286,2032,-1,538,715,850
287,2032,1,393,450,520
288,2032,2,683,750,820
289,2032,3,938,1138,1239
290,2033,-1,616,750,900
291,2033,1,510,585,650
292,2033,2,700,765,825
293,2033,3,900,1100,1300
294,2033,4,783,1325,1675
295,2033,-1,625,950,1300
296,2033,3,1113,1250,1310
297,2033,-1,620,725,838
298,2033,1,550,600,671
299,2033,2,700,765,826
300,2033,3,900,1000,1288
301,2034,-1,750,860,1150
302,2034,1,600,650,740
303,2034,2,798,865,1000
304,2034,3,1093,1228,1388
305,2034,4,1800,1975,2500
306,2034,-1,900,1400,1850
307,2034,4,1700,1850,2500
308,2034,-1,750,850,1003
309,2034,1,600,650,750
310,2034,2,791,870,1000
311,2034,3,1060,1203,1350
312,2035,-1,633,800,950
313,2035,1,480,580,650
314,2035,2,720,800,850
315,2035,3,950,1100,1250
316,2035,4,1395,1700,2025
317,2035,-1,850,1200,1500
318,2035,2,750,840,895
319,2035,3,1050,1250,1400
320,2035,4,1500,1900,2100
321,2035,-1,890,1000,1150
322,2035,3,988,1035,1213
323,2035,-1,620,750,850
324,2035,1,500,590,650
325,2035,2,720,800,850
326,2035,3,900,1000,1125
327,2036,-1,720,870,1050
328,2036,1,663,730,750
329,2036,2,700,870,938
330,2036,3,940,1150,1300
331,2036,4,1300,1450,1650
332,2036,-1,980,1150,1450
333,2036,3,1013,1125,1323
334,2036,4,1250,1450,1650
335,2036,-1,1040,1350,1575
336,2036,-1,700,820,950
337,2036,1,668,730,750
338,2036,2,703,870,938
339,2036,3,750,1200,1300
340,2037,-1,550,669,900
341,2037,0,360,420,450
342,2037,1,450,629,679
343,2037,2,750,900,1050
344,2037,3,988,1150,1400
345,2037,4,1175,1270,1444
346,2037,-1,743,955,1200
347,2037,2,765,850,898
348,2037,3,976,1095,1238
349,2037,-1,399,629,659
350,2037,1,399,629,659
351,2037,-1,850,985,1188
352,2037,2,750,850,970
353,2037,3,985,1100,1475
354,2037,-1,575,700,945
355,2037,0,410,450,488
356,2037,1,518,650,720
357,2037,2,750,975,1085
358,2038,-1,395,600,990
359,2038,0,326,378,394
360,2038,1,350,438,560
361,2038,2,600,785,880
362,2038,3,1050,1190,1300
363,2038,-1,838,1010,1300
364,2038,2,813,850,950
365,2038,3,1001,1195,1288
366,2038,-1,780,1050,1175
367,2038,-1,380,480,600
368,2038,1,370,448,560
369,2038,2,560,600,678
370,2039,-1,630,790,985
371,2039,1,450,590,740
372,2039,2,758,850,958
373,2039,3,1023,1350,1538
374,2039,-1,765,820,988
375,2039,2,695,800,850
376,2039,-1,763,858,1046
377,2039,-1,530,730,960
378,2039,1,438,583,685
379,2039,2,831,950,1021
380,2040,-1,585,800,993
381,2040,1,423,500,579
382,2040,2,695,780,850
383,2040,3,908,1000,1196
384,2040,4,1075,1350,1450
385,2040,-1,800,950,1195
386,2040,2,779,800,850
387,2040,3,938,1050,1200
388,2040,4,1100,1350,1525
389,2040,-1,816,930,1050
390,2040,-1,480,600,700
391,2040,1,408,493,600
392,2040,2,600,698,785
393,2041,-1,700,833,1100
394,2041,1,480,625,750
395,2041,2,750,800,898
396,2041,3,990,1200,1500
397,2041,4,1500,1750,2038
398,2041,-1,800,1073,1488
399,2041,2,750,800,935
400,2041,3,1100,1225,1500
401,2041,4,1500,1600,2050
402,2041,-1,836,1000,1288
403,2041,-1,645,780,850
404,2041,1,514,663,776
405,2041,2,758,800,875
406,2042,-1,476,650,898
407,2042,0,350,420,460
408,2042,1,400,500,598
409,2042,2,710,795,865
410,2042,3,950,1050,1200
411,2042,4,1225,1350,1463
412,2042,-1,700,900,1175
413,2042,1,360,480,570
414,2042,2,750,825,900
415,2042,3,993,1078,1200
416,2042,4,1278,1350,1488
417,2042,-1,328,390,453
418,2042,0,260,355,400
419,2042,-1,773,895,1050
420,2042,2,795,860,900
421,2042,3,918,1050,1250
422,2042,-1,450,550,675
423,2042,0,370,430,480
424,2042,1,406,508,599
425,2042,2,645,750,813
426,2043,-1,720,830,970
427,2043,0,750,865,950
428,2043,1,640,700,750
429,2043,2,824,900,980
430,2043,3,1070,1200,1300
431,2043,-1,750,850,980
432,2043,2,760,840,880
433,2043,-1,843,1150,1400
434,2043,-1,700,778,950
435,2043,0,750,865,950
436,2043,1,640,700,750
437,2043,2,900,950,1000
438,2044,-1,693,850,1000
439,2044,1,350,520,620
440,2044,2,738,825,931
441,2044,3,850,990,1053
442,2044,4,1025,1300,1375
443,2044,-1,700,875,1100
444,2044,3,800,950,1028
445,2044,-1,600,800,950
446,2044,1,350,490,605
447,2044,2,800,870,950
448,2045,-1,580,720,950
449,2045,2,544,605,668
450,2045,-1,788,950,1200
451,2045,-1,525,555,638
452,2045,2,525,555,650
453,2046,-1,640,750,900
454,2046,1,580,600,640
455,2046,2,650,700,800
456,2046,3,850,950,1265
457,2046,4,1200,1423,1700
458,2046,-1,800,1000,1395
459,2046,2,680,780,899
460,2046,3,828,975,1338
461,2046,4,1225,1450,1700
462,2046,-1,679,760,843
463,2046,2,693,720,810
464,2046,-1,610,695,800
465,2046,1,600,600,640
466,2046,2,635,700,795
467,2046,3,850,900,1135
468,2047,-1,636,750,901
469,2047,1,500,620,650
470,2047,2,621,750,849
471,2047,3,890,995,1250
472,2047,-1,750,890,1300
473,2047,-1,620,750,860
474,2047,1,495,635,650
475,2047,2,608,715,820
476,2047,3,828,950,1050
477,2048,-1,473,640,933
478,2048,1,400,460,600
479,2048,2,630,700,850
480,2048,3,1000,1150,1220
481,2048,-1,838,980,1200
482,2048,3,1000,1143,1215
483,2048,-1,455,580,650
484,2048,1,400,475,600
485,2048,2,585,663,744
486,2049,-1,468,620,800
487,2049,1,335,475,575
488,2049,2,650,750,848
489,2049,3,848,950,1050
490,2049,-1,330,785,1009
491,2049,1,280,305,330
492,2049,2,708,790,838
493,2049,3,850,950,1050
494,2049,-1,475,600,700
495,2049,1,450,500,600
496,2049,2,650,750,850
497,2050,-1,621,750,879
498,2050,1,550,650,725
499,2050,2,800,875,990
500,2050,3,996,1150,1295
501,2050,-1,643,823,1075
502,2050,2,795,825,905
503,2050,-1,620,725,830
504,2050,1,550,650,745
505,2050,2,815,900,990
506,2060,-1,600,700,875
507,2060,0,433,500,583
508,2060,1,550,640,700
509,2060,2,750,825,920
510,2060,3,1125,1200,1375
511,2060,-1,890,1200,1500
512,2060,3,1195,1350,1520
513,2060,-1,594,693,826
514,2060,0,439,513,586
515,2060,1,550,630,700
516,2060,2,750,825,920
517,2060,3,1100,1200,1250
518,2061,-1,650,753,1000
519,2061,1,595,690,770
520,2061,2,756,940,1173
521,2061,3,1200,1295,1725
522,2061,-1,755,1000,1295
523,2061,-1,650,750,996
524,2061,1,603,695,768
525,2061,2,750,950,1180
526,2061,3,1200,1398,1688
527,2062,-1,554,680,864
528,2062,1,473,550,608
529,2062,2,600,700,780
530,2062,3,900,950,1050
531,2062,-1,800,1050,1150
532,2062,-1,538,635,750
533,2062,1,480,550,630
534,2062,2,593,670,760
535,2063,-1,665,1150,1550
536,2063,-1,1200,1550,1700
537,2063,-1,588,680,795
538,2064,-1,600,650,750
539,2064,1,503,550,600
540,2064,2,630,650,700
541,2064,3,850,950,1100
542,2064,-1,650,870,1300
543,2064,-1,600,650,700
544,2064,1,540,575,610
545,2064,2,630,650,696
546,2065,-1,650,800,1000
547,2065,0,440,550,620
548,2065,1,550,650,720
549,2065,2,740,883,1029
550,2065,3,988,1200,1400
551,2065,4,1269,1500,1833
552,2065,-1,816,1000,1200
553,2065,2,833,900,1000
554,2065,3,950,1170,1250
555,2065,4,1269,1500,1725
556,2065,-1,894,1100,1200
557,2065,3,1000,1150,1200
558,2065,-1,640,760,950
559,2065,0,436,545,598
560,2065,1,550,650,720
561,2065,2,735,875,1040
562,2065,3,1000,1250,1595
563,2066,-1,580,675,825
564,2066,1,520,580,650
565,2066,2,600,700,780
566,2066,3,810,900,1000
567,2066,4,1350,1570,1888
568,2066,-1,900,1300,1640
569,2066,3,865,950,1000
570,2066,4,1369,1595,1900
571,2066,-1,730,888,1188
572,2066,-1,575,650,770
573,2066,1,520,580,650
574,2066,2,590,685,780
575,2066,3,800,890,980
576,2067,-1,580,720,950
577,2067,1,519,600,700
578,2067,2,750,850,950
579,2067,3,900,1100,1350
580,2067,4,1315,1450,1725
581,2067,-1,850,1110,1400
582,2067,3,875,950,1100
583,2067,4,1280,1450,1700
584,2067,-1,560,700,858
585,2067,1,519,600,700
586,2067,2,743,850,950
587,2067,3,1000,1250,1388
588,2068,-1,550,800,1350
589,2068,1,410,500,550
590,2068,2,645,735,850
591,2068,3,945,1100,1500
592,2068,4,1350,1535,1738
593,2068,-1,960,1350,1625
594,2068,3,945,1100,1500
595,2068,4,1350,1535,1738
596,2068,-1,500,583,719
597,2068,1,410,500,550
598,2068,2,630,720,850
599,2069,-1,640,790,963
600,2069,1,420,555,650
601,2069,2,680,800,850
602,2069,4,1306,1515,1888
603,2069,-1,1100,1300,1600
604,2069,4,1306,1515,1888
605,2069,-1,640,683,850
606,2069,1,550,640,650
607,2069,2,680,800,883
608,2070,-1,553,720,1075
609,2070,1,360,500,650
610,2070,2,615,775,881
611,2070,3,1038,1100,1163
612,2070,4,1225,1500,1740
613,2070,-1,888,1250,1600
614,2070,4,1225,1500,1740
615,2070,-1,550,675,855
616,2070,1,365,598,650
617,2070,2,605,770,865
618,2070,3,1038,1100,1150
619,2071,-1,655,840,1150
620,2071,1,554,570,593
621,2071,2,693,735,799
622,2071,3,885,1000,1125
623,2071,4,1150,1350,1500
624,2071,-1,1100,1200,1500
625,2071,4,1150,1400,1500
626,2071,-1,600,735,875
627,2071,1,554,570,593
628,2071,2,700,740,800
629,2071,3,875,1038,1150
630,2072,-1,616,700,800
631,2072,1,550,580,600
632,2072,2,675,700,760
633,2072,3,888,975,1050
634,2072,-1,594,900,1213
635,2072,-1,618,700,765
636,2072,1,550,575,600
637,2072,2,679,715,760
638,2073,-1,600,770,1175
639,2073,1,555,593,600
640,2073,2,604,700,746
641,2073,3,875,950,1130
642,2073,4,1085,1200,1650
643,2073,-1,880,1200,1500
644,2073,4,1100,1250,1700
645,2073,-1,600,680,748
646,2073,1,580,600,600
647,2073,2,680,710,750
648,2074,-1,640,800,1100
649,2074,1,463,533,560
650,2074,2,640,680,710
651,2074,3,850,930,1070
652,2074,4,1100,1250,1435
653,2074,-1,900,1100,1380
654,2074,3,800,900,1050
655,2074,4,1100,1250,1456
656,2074,-1,571,650,755
657,2074,1,450,540,560
658,2074,2,640,680,720
659,2074,3,850,900,1035
660,2075,-1,708,875,1170
661,2075,1,485,550,550
662,2075,2,695,720,750
663,2075,3,878,950,1100
664,2075,4,1100,1285,1475
665,2075,-1,943,1155,1363
666,2075,4,1100,1285,1475
667,2075,-1,665,720,770
668,2075,2,700,720,750
669,2076,-1,675,895,1198
670,2076,2,548,623,675
671,2076,3,775,850,1100
672,2076,4,900,1150,1395
673,2076,-1,825,1075,1300
674,2076,3,750,825,1200
675,2076,4,900,1150,1409
676,2076,-1,568,673,763
677,2076,2,555,625,673
678,2077,-1,526,600,680
679,2077,1,440,500,530
680,2077,2,550,600,650
681,2077,3,700,765,800
682,2077,4,850,898,1000
683,2077,-1,615,750,850
684,2077,2,515,575,640
685,2077,3,700,780,800
686,2077,4,840,890,1000
687,2077,-1,670,750,785
688,2077,-1,520,588,650
689,2077,1,453,500,530
690,2077,2,550,600,650
691,2077,3,700,750,795
692,2079,-1,535,600,715
693,2079,2,543,570,600
694,2079,-1,630,680,1075
695,2079,-1,530,570,590
696,2079,2,558,575,600
697,2081,-1,490,700,865
698,2082,-1,678,720,795
699,2082,-1,680,730,800
700,2085,-1,768,1125,1350
701,2085,4,1288,1350,1513
702,2085,-1,1125,1350,1463
703,2085,4,1325,1350,1525
704,2086,-1,688,1100,1363
705,2086,3,800,985,1200
706,2086,4,1190,1413,1600
707,2086,-1,938,1200,1500
708,2086,3,868,1018,1213
709,2086,4,1180,1425,1600
710,2087,-1,750,1000,1350
711,2087,3,909,1000,1088
712,2087,4,1213,1450,1588
713,2087,-1,960,1150,1500
714,2087,3,909,1000,1088
715,2087,4,1250,1450,1600
716,2088,-1,600,760,1150
717,2088,1,500,550,630
718,2088,2,694,775,900
719,2088,3,1100,1250,1600
720,2088,4,1800,2600,3500
721,2088,-1,1250,1850,2700
722,2088,3,1200,1400,1875
723,2088,4,1850,2600,3500
724,2088,-1,963,1200,1338
725,2088,-1,550,680,836
726,2088,1,500,550,630
727,2088,2,690,750,890
728,2088,3,925,1150,1375
729,2089,-1,550,700,880
730,2089,1,495,530,600
731,2089,2,690,768,850
732,2089,3,1113,1290,1550
733,2089,-1,835,1200,1450
734,2089,-1,530,675,810
735,2089,1,495,525,600
736,2089,2,688,750,850
737,2089,3,1100,1200,1650
738,2090,-1,600,720,920
739,2090,1,500,568,625
740,2090,2,690,765,850
741,2090,3,921,1100,1338
742,2090,-1,728,1050,1525
743,2090,3,1050,1350,1563
744,2090,-1,598,700,825
745,2090,1,500,575,625
746,2090,2,690,763,850
747,2090,3,910,995,1200
748,2092,-1,880,1450,1944
749,2093,-1,620,775,1113
750,2093,1,495,570,665
751,2093,2,650,750,850
752,2093,3,994,1200,1400
753,2093,4,1561,1775,2000
754,2093,-1,950,1338,1744
755,2093,3,1125,1250,1525
756,2093,4,1546,1775,2000
757,2093,-1,931,1150,1319
758,2093,-1,578,680,823
759,2093,1,495,573,670
760,2093,2,650,750,850
761,2093,3,895,975,1400
762,2094,-1,645,925,1200
763,2094,1,540,600,635
764,2094,2,775,873,943
765,2094,3,1103,1200,1550
766,2094,-1,1150,1550,1845
767,2094,-1,622,850,1100
768,2094,1,540,595,638
769,2094,2,700,860,925
770,2094,3,1100,1150,1361
771,2095,-1,695,880,1198
772,2095,1,550,630,750
773,2095,2,800,950,1100
774,2095,3,1213,1350,1700
775,2095,4,1550,2000,2525
776,2095,-1,1100,1300,1925
777,2095,2,1038,1125,1300
778,2095,-1,675,850,1095
779,2095,1,550,625,750
780,2095,2,800,950,1100
781,2095,3,1195,1300,1700
782,2096,-1,650,748,1000
783,2096,1,525,575,630
784,2096,2,670,745,838
785,2096,3,1133,1250,1300
786,2096,4,1413,1948,2763
787,2096,-1,1163,1275,1821
788,2096,4,1413,1948,2763
789,2096,-1,643,700,808
790,2096,1,525,575,635
791,2096,2,665,733,820
792,2097,-1,625,750,1030
793,2097,1,500,550,631
794,2097,2,650,700,791
795,2097,3,1008,1125,1288
796,2097,4,1375,1700,1996
797,2097,-1,900,1150,1575
798,2097,4,1375,1700,1996
799,2097,-1,620,695,798
800,2097,1,499,533,606
801,2097,2,650,700,776
802,2099,-1,580,675,820
803,2099,1,485,545,600
804,2099,2,650,700,774
805,2099,3,959,1100,1250
806,2099,4,1200,1400,1780
807,2099,-1,850,1095,1490
808,2099,2,643,720,850
809,2099,3,950,1050,1200
810,2099,4,1225,1450,1790
811,2099,-1,818,935,1125
812,2099,-1,575,650,750
813,2099,1,485,550,603
814,2099,2,650,700,760
815,2099,3,1075,1200,1250
816,2100,-1,555,750,1088
817,2100,1,440,530,568
818,2100,2,665,720,760
819,2100,3,994,1050,1213
820,2100,4,1200,1325,1763
821,2100,-1,895,1100,1400
822,2100,3,1021,1065,1175
823,2100,4,1238,1400,1793
824,2100,-1,950,990,1138
825,2100,-1,520,630,750
826,2100,1,440,520,550
827,2100,2,658,700,750
828,2101,-1,600,750,920
829,2101,1,500,565,629
830,2101,2,650,750,838
831,2101,3,884,950,1075
832,2101,4,1230,1495,1686
833,2101,-1,680,995,1400
834,2101,3,950,998,1100
835,2101,4,1225,1495,1723
836,2101,-1,590,690,800
837,2101,1,530,570,640
838,2101,2,650,750,850
839,2102,-1,845,1100,1300
840,2102,2,780,830,895
841,2102,3,1100,1200,1300
842,2102,4,1296,1350,1400
843,2102,-1,1225,1350,1443
844,2102,-1,760,850,995
845,2102,2,780,828,884
846,2103,-1,653,873,1238
847,2103,2,640,690,760
848,2103,3,925,1150,1250
849,2103,4,1200,1313,1750
850,2103,-1,1123,1250,1475
851,2103,4,1250,1350,1750
852,2103,-1,518,665,779
853,2103,2,630,680,766
854,2106,-1,576,750,1100
855,2106,1,484,510,571
856,2106,2,626,700,779
857,2106,4,1288,1500,1781
858,2106,-1,906,1275,1588
859,2106,4,1250,1550,1800
860,2106,-1,550,628,705
861,2106,1,495,520,575
862,2106,2,618,698,734
863,2107,-1,790,1050,1450
864,2107,1,480,525,650
865,2107,2,750,800,850
866,2107,3,950,1195,1363
867,2107,4,1200,1525,1796
868,2107,-1,1000,1250,1600
869,2107,3,950,1200,1375
870,2107,4,1200,1500,1790
871,2107,-1,538,670,798
872,2107,1,476,538,650
873,2107,2,754,798,831
874,2110,-1,550,680,1100
875,2110,2,550,630,725
876,2110,-1,1100,1313,2000
877,2110,-1,528,575,695
878,2110,2,545,610,715
879,2111,-1,530,625,850
880,2111,1,450,513,579
881,2111,2,574,673,750
882,2111,3,855,925,1100
883,2111,4,1100,1340,1500
884,2111,-1,820,1000,1250
885,2111,3,873,950,1250
886,2111,4,1100,1200,1500
887,2111,-1,500,598,740
888,2111,1,450,525,575
889,2111,2,560,680,750
890,2112,-1,560,630,760
891,2112,1,550,600,610
892,2112,2,570,720,770
893,2112,3,750,810,900
894,2112,4,950,1100,1500
895,2112,-1,750,830,1175
896,2112,3,720,750,825
897,2112,4,950,1240,1500
898,2112,-1,685,730,895
899,2112,-1,550,610,730
900,2112,1,550,600,610
901,2112,2,555,715,770
902,2112,3,818,900,924
903,2113,-1,630,695,835
904,2113,1,620,650,670
905,2113,2,700,800,870
906,2113,3,768,940,1000
907,2113,4,1070,1300,1500
908,2113,-1,650,900,1095
909,2113,2,595,650,750
910,2113,4,1045,1225,1500
911,2113,-1,640,680,850
912,2113,-1,670,800,1050
913,2113,-1,625,680,820
914,2113,1,620,650,671
915,2113,2,733,800,870
916,2113,3,900,980,1100
917,2114,-1,493,590,730
918,2114,1,420,550,590
919,2114,2,500,600,720
920,2114,3,663,820,915
921,2114,4,875,1000,1050
922,2114,-1,615,730,875
923,2114,2,530,600,695
924,2114,3,650,730,830
925,2114,4,856,1000,1050
926,2114,-1,475,570,680
927,2114,1,420,550,590
928,2114,2,500,600,720
929,2114,3,750,925,985
930,2115,-1,623,680,765
931,2115,1,365,430,445
932,2115,2,618,650,680
933,2115,3,650,720,750
934,2115,4,960,1065,1219
935,2115,-1,640,730,990
936,2115,3,650,695,750
937,2115,4,995,1090,1219
938,2115,-1,554,650,683
939,2115,2,630,680,690
940,2116,-1,476,590,715
941,2116,2,450,495,573
942,2116,3,613,665,738
943,2116,-1,650,750,900
944,2116,-1,450,480,530
945,2116,2,450,500,585
946,2117,-1,540,600,740
947,2117,1,408,450,540
948,2117,2,501,545,568
949,2117,3,625,680,740
950,2117,4,785,900,1050
951,2117,-1,550,650,850
952,2117,2,530,550,565
953,2117,3,598,650,715
954,2117,4,775,1000,1075
955,2117,-1,700,740,765
956,2117,3,700,740,750
957,2117,-1,470,540,575
958,2117,2,485,540,565
959,2118,-1,580,640,724
960,2118,1,475,520,530
961,2118,2,580,620,650
962,2118,3,680,730,770
963,2118,4,790,873,950
964,2118,-1,650,750,874
965,2118,3,635,695,765
966,2118,4,770,868,938
967,2118,-1,680,720,830
968,2118,3,710,730,815
969,2118,-1,550,620,650
970,2118,1,500,525,540
971,2118,2,583,620,650
972,2118,3,710,750,760
973,2119,-1,608,800,1000
974,2119,2,535,685,723
975,2119,3,845,920,999
976,2119,4,1050,1250,1350
977,2119,-1,850,998,1200
978,2119,4,1000,1200,1388
979,2119,-1,550,688,760
980,2119,2,550,690,725
981,2120,-1,525,663,804
982,2120,1,353,445,510
983,2120,2,540,590,650
984,2120,3,685,750,790
985,2120,4,830,920,1250
986,2120,-1,671,785,928
987,2120,2,555,595,655
988,2120,3,685,740,805
989,2120,4,830,920,1250
990,2120,-1,480,510,590
991,2120,1,420,495,510
992,2120,2,533,590,628
993,2121,-1,600,700,780
994,2121,1,563,600,630
995,2121,2,665,710,755
996,2121,3,715,840,935
997,2121,4,850,1000,1200
998,2121,-1,650,825,993
999,2121,3,665,810,900
1000,2121,4,860,1050,1200
1001,2121,-1,803,870,955
1002,2121,-1,600,680,750
1003,2121,1,570,600,630
1004,2121,2,670,720,760
1005,2121,3,750,840,968
1006,2122,-1,550,670,800
1007,2122,1,398,500,583
1008,2122,2,550,610,690
1009,2122,3,723,790,850
1010,2122,4,865,1100,1300
1011,2122,-1,650,850,1100
1012,2122,3,725,795,888
1013,2122,4,885,1125,1300
1014,2122,-1,630,745,750
1015,2122,-1,620,700,800
1016,2122,2,600,635,673
1017,2122,3,763,800,850
1018,2122,-1,530,600,700
1019,2122,1,446,515,598
1020,2122,2,540,600,720
1021,2122,3,649,695,835
1022,2125,-1,480,775,1000
1023,2125,3,683,750,815
1024,2125,4,915,1100,1331
1025,2125,-1,833,950,1253
1026,2125,4,915,1100,1331
1027,2125,-1,210,221,480
1028,2126,-1,800,900,1050
1029,2126,3,788,850,880
1030,2126,4,915,1000,1100
1031,2126,-1,850,980,1050
1032,2126,4,915,1000,1100
1033,2126,-1,750,845,873
1034,2127,-1,650,720,800
1035,2127,1,600,630,650
1036,2127,2,730,780,820
1037,2127,3,900,950,1075
1038,2127,-1,840,910,970
1039,2127,-1,640,720,800
1040,2127,1,600,630,650
1041,2127,2,730,778,820
1042,2127,3,900,980,1100
1043,2128,-1,415,555,685
1044,2128,-1,383,460,593
1045,2130,-1,550,640,709
1046,2130,0,550,550,600
1047,2130,1,500,639,669
1048,2130,2,574,650,813
1049,2130,3,894,1050,1138
1050,2130,-1,560,650,975
1051,2130,-1,550,640,680
1052,2130,1,510,639,669
1053,2130,2,575,650,800
1054,2131,-1,500,600,700
1055,2131,1,420,475,550
1056,2131,2,550,600,689
1057,2131,3,700,800,878
1058,2131,4,938,1075,1250
1059,2131,-1,690,805,950
1060,2131,2,625,690,710
1061,2131,3,800,850,893
1062,2131,4,963,1075,1250
1063,2131,-1,230,270,505
1064,2131,-1,518,580,661
1065,2131,1,450,485,570
1066,2131,2,550,600,680
1067,2131,3,680,760,820
1068,2132,-1,571,698,915
1069,2132,1,325,475,578
1070,2132,2,560,640,700
1071,2132,4,1100,1200,1500
1072,2132,-1,643,900,1150
1073,2132,-1,551,628,715
1074,2132,2,569,645,700
1075,2133,-1,476,540,788
1076,2133,2,470,500,575
1077,2133,3,750,848,900
1078,2133,4,865,920,1150
1079,2133,-1,750,845,980
1080,2133,-1,450,490,520
1081,2133,2,455,490,525
1082,2134,-1,650,750,900
1083,2134,0,330,500,600
1084,2134,1,560,660,700
1085,2134,2,710,820,900
1086,2134,3,883,950,1125
1087,2134,4,898,1150,1300
1088,2134,-1,650,890,1000
1089,2134,4,895,1000,1268
1090,2134,-1,630,750,820
1091,2134,1,565,650,678
1092,2134,2,780,850,900
1093,2134,-1,650,750,891
1094,2134,0,330,500,600
1095,2134,1,580,680,700
1096,2134,2,700,830,900
1097,2134,3,900,998,1156
1098,2135,-1,540,678,780
1099,2135,0,330,330,450
1100,2135,1,450,520,580
1101,2135,2,620,700,750
1102,2135,3,800,880,965
1103,2135,4,1000,1225,1475
1104,2135,-1,880,1000,1350
1105,2135,3,873,935,1000
1106,2135,4,1025,1250,1525
1107,2135,-1,360,605,798
1108,2135,-1,500,650,730
1109,2135,0,330,330,458
1110,2135,1,459,530,578
1111,2135,2,625,700,750
1112,2135,3,756,860,920
1113,2136,-1,524,605,743
1114,2136,2,525,590,650
1115,2136,3,650,750,900
1116,2136,-1,780,865,925
1117,2136,-1,493,565,650
1118,2136,2,524,585,650
1119,2137,-1,650,800,1000
1120,2137,1,500,600,650
1121,2137,2,665,750,850
1122,2137,3,871,1000,1150
1123,2137,4,1271,1500,1600
1124,2137,-1,850,1000,1288
1125,2137,3,850,945,1063
1126,2137,4,1274,1500,1613
1127,2137,-1,650,770,1170
1128,2137,-1,620,720,943
1129,2137,1,550,600,650
1130,2137,2,680,750,850
1131,2137,3,915,1050,1200
1132,2138,-1,700,800,900
1133,2138,1,650,680,720
1134,2138,2,780,820,900
1135,2138,3,870,990,1200
1136,2138,-1,756,825,950
1137,2138,-1,700,795,900
1138,2138,1,650,680,720
1139,2138,2,780,828,900
1140,2138,3,938,1150,1250
1141,2140,-1,580,650,720
1142,2140,1,498,548,580
1143,2140,2,600,660,700
1144,2140,3,730,820,875
1145,2140,-1,620,680,800
1146,2140,2,628,680,715
1147,2140,-1,585,640,690
1148,2140,-1,580,650,700
1149,2140,1,495,550,580
1150,2140,2,600,650,700
1151,2140,3,750,820,875
1152,2141,-1,570,650,760
1153,2141,1,560,600,615
1154,2141,2,583,720,770
1155,2141,3,650,750,900
1156,2141,4,818,975,1150
1157,2141,-1,600,650,810
1158,2141,3,600,650,700
1159,2141,4,795,950,1150
1160,2141,-1,415,490,573
1161,2141,-1,520,600,743
1162,2141,3,625,735,775
1163,2141,-1,580,660,760
1164,2141,1,568,600,620
1165,2141,2,640,730,770
1166,2141,3,820,900,970
1167,2142,-1,450,550,650
1168,2142,0,300,315,320
1169,2142,1,353,440,530
1170,2142,2,480,560,648
1171,2142,3,580,650,700
1172,2142,4,710,820,900
1173,2142,-1,550,620,750
1174,2142,2,465,500,555
1175,2142,3,570,620,685
1176,2142,4,703,823,938
1177,2142,-1,315,330,500
1178,2142,-1,550,650,700
1179,2142,3,573,650,685
1180,2142,-1,450,550,621
1181,2142,1,360,450,540
1182,2142,2,480,570,650
1183,2142,3,589,675,803
1184,2143,-1,450,550,620
1185,2143,2,433,455,565
1186,2143,3,543,600,635
1187,2143,-1,500,620,700
1188,2143,-1,408,455,595
1189,2143,2,408,450,565
1190,2144,-1,470,580,650
1191,2144,1,358,478,560
1192,2144,2,460,550,650
1193,2144,3,600,650,750
1194,2144,4,758,838,900
1195,2144,-1,550,605,658
1196,2144,3,580,610,650
1197,2144,4,775,825,875
1198,2144,-1,465,550,650
1199,2144,2,520,550,650
1200,2144,-1,560,720,765
1201,2144,-1,450,550,650
1202,2144,1,365,490,574
1203,2144,2,450,550,645
1204,2144,3,650,700,788
1205,2145,-1,500,575,646
1206,2145,1,400,500,550
1207,2145,2,494,550,600
1208,2145,3,580,630,680
1209,2145,4,700,780,850
1210,2145,-1,550,645,750
1211,2145,1,330,365,450
1212,2145,2,479,515,550
1213,2145,3,574,635,700
1214,2145,4,680,760,850
1215,2145,-1,420,500,560
1216,2145,2,480,500,540
1217,2145,-1,530,610,728
1218,2145,2,480,500,550
1219,2145,3,583,635,695
1220,2145,4,770,850,900
1221,2145,-1,500,550,600
1222,2145,1,445,500,560
1223,2145,2,500,550,600
1224,2145,3,583,623,650
1225,2146,-1,490,560,650
1226,2146,1,234,393,475
1227,2146,2,450,505,553
1228,2146,3,550,600,650
1229,2146,4,654,708,800
1230,2146,-1,528,600,650
1231,2146,2,485,510,528
1232,2146,3,550,580,630
1233,2146,4,650,700,773
1234,2146,-1,525,580,670
1235,2146,-1,425,490,570
1236,2146,1,225,365,480
1237,2146,2,440,500,570
1238,2147,-1,450,550,620
1239,2147,1,330,350,450
1240,2147,2,420,450,500
1241,2147,3,510,550,620
1242,2147,4,630,680,725
1243,2147,-1,480,550,625
1244,2147,2,400,425,480
1245,2147,3,500,550,600
1246,2147,4,630,680,725
1247,2147,-1,450,500,595
1248,2147,2,450,498,588
1249,2148,-1,440,500,580
1250,2148,1,230,330,390
1251,2148,2,430,460,538
1252,2148,3,500,550,600
1253,2148,4,600,650,750
1254,2148,-1,450,550,610
1255,2148,1,208,330,383
1256,2148,2,420,450,500
1257,2148,3,500,550,600
1258,2148,4,600,650,750
1259,2148,-1,300,415,460
1260,2148,1,180,250,313
1261,2148,2,420,450,460
1262,2148,-1,450,528,576
1263,2148,2,450,510,573
1264,2148,3,475,523,538
1265,2148,-1,430,460,550
1266,2148,1,325,380,450
1267,2148,2,430,460,550
1268,2148,3,525,565,613
1269,2150,-1,500,590,680
1270,2150,0,360,395,420
1271,2150,1,438,540,600
1272,2150,2,500,600,700
1273,2150,3,638,750,800
1274,2150,4,648,820,975
1275,2150,-1,500,600,650
1276,2150,1,358,495,565
1277,2150,2,500,565,650
1278,2150,3,600,600,710
1279,2150,4,623,820,925
1280,2150,-1,360,400,475
1281,2150,0,360,380,400
1282,2150,-1,553,660,743
1283,2150,-1,500,590,680
1284,2150,1,441,550,600
1285,2150,2,504,605,700
1286,2150,3,650,770,850
1287,2151,-1,470,550,675
1288,2151,1,365,400,500
1289,2151,2,450,495,555
1290,2151,3,600,675,750
1291,2151,4,776,900,973
1292,2151,-1,500,730,865
1293,2151,2,460,480,500
1294,2151,3,665,700,750
1295,2151,4,784,900,980
1296,2151,-1,688,738,750
1297,2151,3,703,738,758
1298,2151,-1,450,510,600
1299,2151,1,384,485,510
1300,2151,2,450,490,575
1301,2151,3,550,620,665
1302,2152,-1,500,550,680
1303,2152,2,500,520,555
1304,2152,3,580,650,680
1305,2152,4,700,825,1063
1306,2152,-1,580,680,800
1307,2152,3,600,660,690
1308,2152,4,700,800,1075
1309,2152,-1,480,520,580
1310,2152,2,500,520,550
1311,2153,-1,570,685,780
1312,2153,1,354,455,550
1313,2153,2,530,620,700
1314,2153,3,650,720,765
1315,2153,4,785,850,950
1316,2153,-1,575,730,850
1317,2153,1,325,343,378
1318,2153,2,478,500,525
1319,2153,3,650,700,750
1320,2153,4,800,880,950
1321,2153,-1,650,725,800
1322,2153,2,560,600,650
1323,2153,3,740,760,850
1324,2153,-1,576,630,720
1325,2153,1,470,530,560
1326,2153,2,600,668,750
1327,2153,3,634,695,793
1328,2154,-1,620,700,850
1329,2154,1,473,570,600
1330,2154,2,630,670,700
1331,2154,3,685,750,825
1332,2154,4,828,950,1100
1333,2154,-1,680,820,1000
1334,2154,2,528,570,615
1335,2154,3,680,750,820
1336,2154,4,828,950,1100
1337,2154,-1,665,720,780
1338,2154,3,690,720,803
1339,2154,-1,600,660,700
1340,2154,1,503,570,600
1341,2154,2,650,680,715
1342,2154,3,743,750,945
1343,2155,-1,570,700,820
1344,2155,1,490,520,550
1345,2155,2,550,590,620
1346,2155,3,655,720,758
1347,2155,4,780,850,950
1348,2155,-1,750,800,900
1349,2155,2,510,560,600
1350,2155,3,685,730,750
1351,2155,4,780,850,950
1352,2155,-1,650,700,750
1353,2155,3,690,710,750
1354,2155,-1,550,588,629
1355,2155,1,490,525,550
1356,2155,2,560,600,620
1357,2155,3,630,710,771
1358,2156,-1,650,850,1000
1359,2156,4,840,900,1250
1360,2156,-1,675,870,1000
1361,2156,4,855,900,1250
1362,2158,-1,690,800,950
1363,2158,-1,780,900,1125
1364,2159,-1,650,693,920
1365,2159,-1,680,750,950
1366,2160,-1,460,540,650
1367,2160,1,405,490,530
1368,2160,2,450,500,550
1369,2160,3,589,650,700
1370,2160,4,765,850,900
1371,2160,-1,500,650,810
1372,2160,2,450,495,520
1373,2160,3,583,650,695
1374,2160,4,765,850,925
1375,2160,-1,450,480,665
1376,2160,-1,650,660,731
1377,2160,3,650,650,689
1378,2160,-1,450,500,570
1379,2160,1,420,495,538
1380,2160,2,450,500,575
1381,2160,3,585,650,723
1382,2161,-1,450,500,650
1383,2161,1,301,370,408
1384,2161,2,440,475,500
1385,2161,3,550,580,650
1386,2161,4,750,800,900
1387,2161,-1,480,573,750
1388,2161,2,450,480,520
1389,2161,3,550,578,650
1390,2161,4,750,800,900
1391,2161,-1,353,458,515
1392,2161,2,428,458,500
1393,2161,-1,565,650,800
1394,2161,-1,420,450,495
1395,2161,1,370,390,423
1396,2161,2,430,460,490
1397,2162,-1,450,550,655
1398,2162,1,300,370,430
1399,2162,2,445,478,513
1400,2162,3,550,610,650
1401,2162,4,700,830,870
1402,2162,-1,565,650,770
1403,2162,3,550,610,650
1404,2162,4,700,830,850
1405,2162,-1,378,450,498
1406,2162,-1,368,445,476
1407,2162,2,415,470,510
1408,2163,-1,353,470,600
1409,2163,2,350,385,550
1410,2163,3,498,560,648
1411,2163,-1,470,570,700
1412,2163,3,495,550,615
1413,2163,-1,330,350,560
1414,2163,2,350,370,580
1415,2164,-1,474,550,650
1416,2164,2,445,470,490
1417,2164,3,520,570,633
1418,2164,4,675,750,828
1419,2164,-1,520,580,660
1420,2164,3,530,570,643
1421,2164,4,650,710,820
1422,2164,-1,435,480,535
1423,2164,2,435,450,480
1424,2164,-1,500,600,680
1425,2164,-1,365,450,480
1426,2165,-1,370,470,600
1427,2165,1,300,330,350
1428,2165,2,360,400,450
1429,2165,3,500,560,600
1430,2165,4,695,750,830
1431,2165,-1,463,580,650
1432,2165,2,371,410,450
1433,2165,3,500,560,600
1434,2165,4,643,750,800
1435,2165,-1,350,400,530
1436,2165,2,355,450,465
1437,2165,-1,555,710,770
1438,2165,3,550,610,750
1439,2165,-1,340,380,445
1440,2165,1,300,320,330
1441,2165,2,350,400,445
1442,2165,3,424,500,585
1443,2166,-1,350,410,550
1444,2166,1,248,293,303
1445,2166,2,340,370,410
1446,2166,3,450,500,580
1447,2166,4,554,680,873
1448,2166,-1,420,520,600
1449,2166,2,358,415,448
1450,2166,3,450,500,560
1451,2166,4,563,655,873
1452,2166,-1,330,400,558
1453,2166,1,235,270,300
1454,2166,2,343,380,428
1455,2166,3,470,550,600
1456,2166,-1,430,500,580
1457,2166,3,480,510,585
1458,2166,-1,330,350,388
1459,2166,1,298,305,320
1460,2166,2,330,350,385
1461,2167,-1,480,600,650
1462,2167,2,420,430,495
1463,2167,3,536,605,643
1464,2167,4,650,700,755
1465,2167,-1,570,645,685
1466,2167,3,546,620,650
1467,2167,4,650,700,755
1468,2167,-1,450,540,605
1469,2167,3,538,595,640
1470,2168,-1,445,500,600
1471,2168,2,383,420,450
1472,2168,3,455,500,570
1473,2168,4,593,670,750
1474,2168,-1,450,520,600
1475,2168,2,380,390,450
1476,2168,3,460,500,580
1477,2168,4,583,670,750
1478,2168,-1,383,400,450
1479,2168,2,390,398,450
1480,2170,-1,400,500,591
1481,2170,1,330,410,460
1482,2170,2,370,450,530
1483,2170,3,510,590,650
1484,2170,4,650,750,820
1485,2170,-1,496,600,720
1486,2170,2,380,430,500
1487,2170,3,505,600,650
1488,2170,4,650,750,820
1489,2170,-1,350,450,550
1490,2170,2,355,405,450
1491,2170,3,280,480,550
1492,2170,-1,525,580,620
1493,2170,2,465,510,573
1494,2170,3,550,600,625
1495,2170,-1,360,450,530
1496,2170,1,340,420,468
1497,2170,2,360,460,540
1498,2170,3,500,590,630
1499,2171,-1,620,680,750
1500,2171,3,586,625,650
1501,2171,4,680,720,790
1502,2171,-1,630,700,750
1503,2171,3,598,625,650
1504,2171,4,680,720,790
1505,2173,-1,580,630,710
1506,2173,3,543,600,630
1507,2173,4,676,750,829
1508,2173,-1,580,650,725
1509,2173,3,535,595,630
1510,2173,4,675,750,825
1511,2174,-1,500,625,750
1512,2174,1,435,500,520
1513,2174,2,450,480,585
1514,2174,3,650,688,720
1515,2174,4,740,750,850
1516,2174,-1,600,740,790
1517,2174,2,450,450,550
1518,2174,4,740,750,850
1519,2174,-1,450,455,480
1520,2174,-1,470,650,720
1521,2174,-1,510,570,600
1522,2174,1,490,505,520
1523,2174,2,570,580,593
1524,2176,-1,508,600,680
1525,2176,2,420,450,500
1526,2176,3,550,600,638
1527,2176,4,680,750,800
1528,2176,-1,565,630,745
1529,2176,3,550,600,630
1530,2176,4,691,750,808
1531,2176,-1,418,500,645
1532,2176,2,408,420,480
1533,2176,-1,433,450,508
1534,2176,2,430,450,500
1535,2177,-1,460,550,620
1536,2177,2,435,460,478
1537,2177,3,550,580,600
1538,2177,4,683,720,765
1539,2177,-1,543,600,696
1540,2177,3,548,575,603
1541,2177,-1,448,465,513
1542,2179,-1,640,700,750
1543,2179,1,365,390,413
1544,2179,2,420,460,580
1545,2179,3,603,630,678
1546,2179,4,680,710,766
1547,2179,-1,650,700,750
1548,2179,3,600,630,680
1549,2179,4,680,710,770
1550,2190,-1,550,700,950
1551,2190,2,495,550,585
1552,2190,3,600,660,700
1553,2190,4,900,1000,1100
1554,2190,-1,650,700,1000
1555,2190,3,650,680,700
1556,2190,4,975,1050,1150
1557,2190,-1,875,900,1000
1558,2190,-1,430,490,545
1559,2191,-1,620,690,780
1560,2191,2,625,680,750
1561,2191,-1,605,665,750
1562,2192,-1,450,520,650
1563,2192,1,350,450,510
1564,2192,2,450,490,605
1565,2192,3,695,750,780
1566,2192,-1,715,780,1040
1567,2192,-1,450,500,600
1568,2192,1,350,500,533
1569,2192,2,445,480,590
1570,2193,-1,539,650,720
1571,2193,1,500,535,560
1572,2193,2,600,680,710
1573,2193,3,800,850,955
1574,2193,-1,663,875,958
1575,2193,-1,530,600,700
1576,2193,1,520,550,560
1577,2193,2,600,680,710
1578,2194,-1,480,550,650
1579,2194,1,475,550,550
1580,2194,2,480,540,650
1581,2194,3,655,750,841
1582,2194,-1,550,665,795
1583,2194,3,665,750,825
1584,2194,-1,450,510,650
1585,2194,2,473,510,650
1586,2194,-1,473,540,620
1587,2194,1,488,550,550
1588,2194,2,480,530,650
1589,2194,3,635,765,850
1590,2195,-1,400,450,510
1591,2195,1,320,350,400
1592,2195,2,420,450,495
1593,2195,3,623,675,744
1594,2195,-1,485,650,738
1595,2195,2,440,450,485
1596,2195,3,650,680,765
1597,2195,-1,365,410,450
1598,2195,-1,400,450,480
1599,2195,1,320,350,393
1600,2195,2,420,450,493
1601,2196,-1,440,500,660
1602,2196,1,300,390,450
1603,2196,2,420,460,525
1604,2196,3,558,700,763
1605,2196,4,788,913,1025
1606,2196,-1,550,710,843
1607,2196,2,500,540,600
1608,2196,3,565,750,800
1609,2196,4,810,945,1100
1610,2196,-1,415,490,615
1611,2196,-1,525,660,700
1612,2196,-1,410,458,511
1613,2196,1,343,410,451
1614,2196,2,410,460,500
1615,2197,-1,478,650,825
1616,2197,3,580,650,698
1617,2197,4,813,938,1050
1618,2197,-1,580,700,950
1619,2198,-1,550,700,950
1620,2198,3,560,665,700
1621,2198,4,950,950,1000
1622,2198,-1,620,700,950
1623,2198,3,550,653,700
1624,2198,4,950,950,1000
1625,2199,-1,485,570,715
1626,2199,1,250,296,330
1627,2199,2,465,500,520
1628,2199,3,578,630,680
1629,2199,4,805,850,1000
1630,2199,-1,555,670,850
1631,2199,3,570,630,670
1632,2199,4,818,925,1000
1633,2199,-1,250,300,521
1634,2199,-1,430,490,570
1635,2199,2,453,498,558
1636,2200,-1,460,550,650
1637,2200,1,300,350,475
1638,2200,2,450,500,580
1639,2200,3,550,655,723
1640,2200,4,800,900,1150
1641,2200,-1,520,700,850
1642,2200,2,450,500,550
1643,2200,3,550,680,750
1644,2200,4,800,900,1188
1645,2200,-1,415,480,640
1646,2200,2,423,450,498
1647,2200,-1,580,670,708
1648,2200,2,530,610,680
1649,2200,3,550,680,710
1650,2200,-1,450,500,580
1651,2200,1,295,350,450
1652,2200,2,450,505,580
1653,2200,3,540,595,640
1654,2203,-1,490,600,750
1655,2203,1,400,473,550
1656,2203,2,563,650,750
1657,2203,3,760,820,1000
1658,2203,-1,700,820,994
1659,2203,2,665,700,800
1660,2203,3,800,850,1000
1661,2203,-1,243,380,409
1662,2203,-1,490,580,700
1663,2203,1,410,480,560
1664,2203,2,550,640,750
1665,2204,-1,550,650,858
1666,2204,1,430,520,620
1667,2204,2,600,687,850
1668,2204,3,850,950,1100
1669,2204,-1,750,900,1100
1670,2204,1,415,490,598
1671,2204,2,750,850,900
1672,2204,3,900,980,1103
1673,2204,-1,490,650,687
1674,2204,-1,520,615,700
1675,2204,1,450,540,625
1676,2204,2,580,650,820
1677,2204,3,700,750,1010
1678,2205,-1,700,800,860
1679,2205,1,630,670,700
1680,2205,2,800,850,880
1681,2205,3,840,1025,1150
1682,2205,-1,710,800,850
1683,2205,3,765,800,875
1684,2205,-1,725,850,910
1685,2205,-1,691,800,860
1686,2205,1,630,670,700
1687,2205,2,800,850,880
1688,2205,3,1013,1100,1200
1689,2206,-1,650,740,888
1690,2206,2,605,670,720
1691,2206,3,750,850,950
1692,2206,4,1013,1250,1463
1693,2206,-1,700,788,963
1694,2206,2,644,698,713
1695,2206,3,750,838,950
1696,2206,4,1125,1300,1475
1697,2206,-1,550,650,710
1698,2206,2,529,650,720
1699,2207,-1,550,650,835
1700,2207,1,413,435,500
1701,2207,2,530,580,650
1702,2207,3,700,800,850
1703,2207,4,975,1100,1475
1704,2207,-1,750,850,900
1705,2207,3,750,800,850
1706,2207,4,1000,1350,1500
1707,2207,-1,560,680,795
1708,2207,-1,695,790,813
1709,2207,-1,500,550,600
1710,2207,1,405,440,500
1711,2207,2,530,550,600
1712,2208,-1,570,750,900
1713,2208,2,500,555,671
1714,2208,3,668,768,900
1715,2208,4,806,955,1244
1716,2208,-1,650,780,925
1717,2208,3,728,768,875
1718,2208,4,806,955,1244
1719,2209,-1,500,695,800
1720,2209,1,281,350,408
1721,2209,2,479,540,600
1722,2209,3,700,750,800
1723,2209,4,850,950,1100
1724,2209,-1,708,770,885
1725,2209,3,700,750,798
1726,2209,4,850,950,1100
1727,2209,-1,385,473,558
1728,2209,1,300,350,410
1729,2209,2,470,525,574
1730,2210,-1,555,650,713
1731,2210,1,450,480,500
1732,2210,2,550,600,650
1733,2210,3,650,680,750
1734,2210,4,838,900,1050
1735,2210,-1,650,705,850
1736,2210,3,650,690,750
1737,2210,4,825,900,1050
1738,2210,-1,500,600,650
1739,2210,1,445,480,500
1740,2210,2,543,600,650
1741,2210,3,645,670,720
1742,2211,-1,500,650,808
1743,2211,2,450,495,550
1744,2211,3,590,670,700
1745,2211,4,800,850,930
1746,2211,-1,650,750,863
1747,2211,3,650,700,735
1748,2211,4,785,885,930
1749,2211,-1,580,700,810
1750,2211,-1,318,435,456
1751,2211,2,425,450,481
1752,2212,-1,500,700,850
1753,2212,2,469,495,513
1754,2212,3,595,700,730
1755,2212,4,800,850,950
1756,2212,-1,580,750,900
1757,2212,3,640,700,730
1758,2212,4,775,875,955
1759,2212,-1,790,850,910
1760,2212,-1,440,495,500
1761,2212,2,461,495,500
1762,2213,-1,625,750,890
1763,2213,2,520,550,580
1764,2213,3,630,660,725
1765,2213,4,803,880,965
1766,2213,-1,625,725,850
1767,2213,3,625,650,695
1768,2213,4,778,850,960
1769,2213,-1,740,830,925
1770,2213,4,845,888,950
1771,2214,-1,485,650,748
1772,2216,-1,550,650,730
1773,2216,1,430,490,630
1774,2216,2,560,650,700
1775,2216,3,735,810,900
1776,2216,4,888,1150,1650
1777,2216,-1,600,750,850
1778,2216,2,505,600,713
1779,2216,3,750,800,850
1780,2216,-1,400,450,655
1781,2216,-1,550,650,700
1782,2216,1,430,490,630
1783,2216,2,570,650,700
1784,2216,3,753,855,948
1785,2217,-1,550,650,750
1786,2217,0,413,423,438
1787,2217,1,450,540,598
1788,2217,2,550,640,730
1789,2217,3,800,900,950
1790,2217,4,950,1100,1200
1791,2217,-1,650,850,1000
1792,2217,2,500,580,670
1793,2217,3,850,900,1000
1794,2217,4,950,1100,1200
1795,2217,-1,550,620,740
1796,2217,0,415,420,435
1797,2217,1,450,550,600
1798,2217,2,550,650,740
1799,2217,3,750,850,910
1800,2218,-1,530,585,660
1801,2218,1,400,560,580
1802,2218,2,530,560,650
1803,2218,3,630,675,750
1804,2218,-1,628,750,833
1805,2218,-1,500,568,650
1806,2218,1,415,575,580
1807,2218,2,523,555,645
1808,2218,3,600,650,750
1809,2219,-1,520,600,800
1810,2219,1,495,550,590
1811,2219,2,500,560,650
1812,2219,3,800,850,950
1813,2219,-1,805,875,1031
1814,2219,-1,500,560,650
1815,2219,1,490,565,606
1816,2219,2,508,560,650
1817,2220,-1,600,680,778
1818,2220,1,560,600,635
1819,2220,2,600,690,750
1820,2220,3,700,780,875
1821,2220,4,773,975,1205
1822,2220,-1,643,735,885
1823,2220,2,545,620,710
1824,2220,3,700,750,850
1825,2220,4,750,1000,1200
1826,2220,-1,600,660,750
1827,2220,1,565,600,640
1828,2220,2,620,695,760
1829,2220,3,720,800,900
1830,2221,-1,635,735,950
1831,2221,2,500,650,700
1832,2221,3,703,775,815
1833,2221,4,890,1100,1388
1834,2221,-1,700,800,1131
1835,2221,3,700,760,853
1836,2221,4,968,1125,1400
1837,2221,-1,485,563,693
1838,2221,2,500,650,700
1839,2222,-1,450,530,620
1840,2222,1,400,415,470
1841,2222,2,460,520,560
1842,2222,3,655,730,750
1843,2222,-1,550,750,825
1844,2222,-1,450,505,576
1845,2222,1,400,420,500
1846,2222,2,460,510,563
1847,2223,-1,480,550,699
1848,2223,1,360,393,415
1849,2223,2,480,520,570
1850,2223,3,670,780,830
1851,2223,4,850,1050,1300
1852,2223,-1,673,800,975
1853,2223,3,695,800,850
1854,2223,4,850,1050,1300
1855,2223,-1,553,635,773
1856,2223,-1,460,500,550
1857,2223,1,360,398,428
1858,2223,2,480,500,550
1859,2223,3,600,640,780
1860,2224,-1,623,825,1031
1861,2224,2,520,600,700
1862,2224,3,800,930,976
1863,2224,4,1075,1200,1400
1864,2224,-1,850,975,1200
1865,2224,3,800,880,950
1866,2224,4,1063,1195,1450
1867,2224,-1,710,850,963
1868,2224,-1,500,545,695
1869,2224,2,505,545,673
1870,2225,-1,650,730,1225
1871,2226,-1,530,680,780
1872,2226,2,525,600,690
1873,2226,3,650,750,780
1874,2226,-1,708,765,923
1875,2226,3,675,750,765
1876,2226,-1,455,500,585
1877,2226,2,483,570,650
1878,2227,-1,600,790,935
1879,2227,2,550,600,650
1880,2227,3,794,873,950
1881,2227,4,950,1100,1250
1882,2227,-1,780,860,1000
1883,2227,3,763,850,950
1884,2227,4,933,1100,1250
1885,2227,-1,850,900,1100
1886,2227,3,850,900,975
1887,2227,-1,548,600,650
1888,2227,2,530,600,626
1889,2228,-1,538,650,800
1890,2228,1,500,530,555
1891,2228,2,545,625,700
1892,2228,3,638,793,913
1893,2228,4,1015,1100,1213
1894,2228,-1,680,905,1100
1895,2228,3,705,770,883
1896,2228,4,1000,1100,1238
1897,2228,-1,668,955,1100
1898,2228,-1,520,573,700
1899,2228,1,500,530,550
1900,2228,2,535,600,700
1901,2228,3,596,715,800
1902,2229,-1,540,650,900
1903,2229,1,450,470,520
1904,2229,2,545,570,650
1905,2229,3,750,825,980
1906,2229,4,1150,1300,1500
1907,2229,-1,750,975,1250
1908,2229,3,750,865,1000
1909,2229,4,1225,1350,1525
1910,2229,-1,795,900,1113
1911,2229,3,770,850,1000
1912,2229,-1,493,550,620
1913,2229,1,450,470,525
1914,2229,2,540,568,645
1915,2230,-1,500,640,813
1916,2230,1,420,465,520
1917,2230,2,550,650,733
1918,2230,3,878,1000,1248
1919,2230,4,1100,1450,1875
1920,2230,-1,600,850,1200
1921,2230,1,450,470,500
1922,2230,2,590,640,720
1923,2230,3,865,900,1100
1924,2230,4,1100,1400,1875
1925,2230,-1,875,980,1150
1926,2230,-1,490,600,729
1927,2230,1,420,450,543
1928,2230,2,550,650,730
1929,2230,3,894,1075,1563
1930,2232,-1,550,650,760
1931,2232,1,550,575,590
1932,2232,2,520,580,680
1933,2232,3,728,830,900
1934,2232,4,800,975,1113
1935,2232,-1,680,800,950
1936,2232,2,550,598,658
1937,2232,3,745,845,913
1938,2232,4,800,900,1056
1939,2232,-1,710,790,925
1940,2232,3,728,790,876
1941,2232,-1,523,580,700
1942,2232,1,550,578,591
1943,2232,2,513,560,679
1944,2232,3,723,850,900
1945,2233,-1,536,690,850
1946,2233,2,483,550,600
1947,2233,3,750,800,850
1948,2233,4,820,850,925
1949,2233,-1,735,810,850
1950,2233,3,750,805,850
1951,2233,-1,480,550,600
1952,2233,2,480,550,600
1953,2234,-1,720,810,900
1954,2234,3,720,780,844
1955,2234,4,850,900,1013
1956,2234,-1,785,850,963
1957,2234,3,760,790,850
1958,2234,4,850,900,1050
1959,2234,-1,735,800,860
1960,2250,-1,450,530,600
1961,2250,1,308,350,420
1962,2250,2,440,475,520
1963,2250,3,530,570,620
1964,2250,4,640,700,800
1965,2250,-1,500,585,660
1966,2250,1,275,378,420
1967,2250,2,440,450,500
1968,2250,3,540,580,620
1969,2250,4,640,700,800
1970,2250,-1,470,520,560
1971,2250,2,440,483,520
1972,2250,3,520,550,570
1973,2250,-1,398,470,535
1974,2250,1,306,350,424
1975,2250,2,450,480,550
1976,2250,3,499,570,623
1977,2251,-1,530,620,780
1978,2251,1,350,380,410
1979,2251,2,460,535,593
1980,2251,3,580,620,700
1981,2251,4,750,855,981
1982,2251,-1,580,690,875
1983,2251,2,460,510,550
1984,2251,3,578,620,700
1985,2251,4,750,855,981
1986,2251,-1,535,610,695
1987,2251,-1,415,530,620
1988,2251,1,360,390,420
1989,2251,2,490,580,620
1990,2256,-1,430,500,600
1991,2256,1,323,330,360
1992,2256,2,420,450,485
1993,2256,3,525,570,620
1994,2256,4,679,750,850
1995,2256,-1,450,550,650
1996,2256,1,310,330,350
1997,2256,2,430,470,520
1998,2256,3,530,570,633
1999,2256,4,678,750,850
2000,2256,-1,410,450,483
2001,2256,2,410,450,470
2002,2256,-1,410,450,480
2003,2256,2,420,450,470
2004,2257,-1,445,520,640
2005,2257,1,310,350,370
2006,2257,2,428,450,495
2007,2257,3,550,600,650
2008,2257,4,670,750,894
2009,2257,-1,460,550,670
2010,2257,1,325,350,390
2011,2257,2,440,450,500
2012,2257,3,550,595,640
2013,2257,4,678,750,900
2014,2257,-1,350,398,450
2015,2257,-1,543,575,665
2016,2257,3,563,650,675
2017,2257,-1,350,443,491
2018,2257,1,310,320,350
2019,2257,2,405,450,490
2020,2258,-1,455,510,650
2021,2258,3,475,525,613
2022,2258,-1,500,600,685
2023,2259,-1,450,540,645
2024,2259,1,300,300,360
2025,2259,2,400,440,470
2026,2259,3,480,530,580
2027,2259,4,620,650,699
2028,2259,-1,470,560,650
2029,2259,1,300,300,360
2030,2259,2,408,445,480
2031,2259,3,480,530,580
2032,2259,4,620,650,700
2033,2259,-1,450,500,550
2034,2259,3,470,520,550
2035,2259,-1,350,420,450
2036,2259,2,390,420,450
2037,2260,-1,565,675,850
2038,2260,1,363,400,503
2039,2260,2,470,520,610
2040,2260,3,630,700,763
2041,2260,4,805,928,1100
2042,2260,-1,600,750,923
2043,2260,2,455,495,568
2044,2260,3,615,720,765
2045,2260,4,850,945,1100
2046,2260,-1,595,650,700
2047,2260,3,608,675,715
2048,2260,-1,448,565,726
2049,2260,1,365,420,530
2050,2260,2,470,520,700
2051,2260,3,650,765,825
2052,2261,-1,450,530,610
2053,2261,1,320,350,380
2054,2261,2,420,460,518
2055,2261,3,530,580,650
2056,2261,4,600,680,810
2057,2261,-1,486,560,650
2058,2261,1,283,350,380
2059,2261,2,440,470,515
2060,2261,3,543,585,650
2061,2261,4,600,680,810
2062,2261,-1,520,550,600
2063,2261,3,520,550,620
2064,2261,-1,380,450,520
2065,2261,1,350,355,380
2066,2261,2,400,450,510
2067,2261,3,443,575,658
2068,2262,-1,440,498,575
2069,2262,2,400,430,450
2070,2262,3,474,500,543
2071,2262,4,599,610,650
2072,2262,-1,450,500,590
2073,2262,2,414,435,450
2074,2262,3,475,500,548
2075,2262,4,598,610,650
2076,2262,-1,395,400,425
2077,2262,2,400,400,428
2078,2263,-1,400,455,548
2079,2263,1,246,295,340
2080,2263,2,390,420,450
2081,2263,3,470,505,550
2082,2263,4,598,650,720
2083,2263,-1,420,480,550
2084,2263,1,235,300,375
2085,2263,2,393,420,450
2086,2263,3,470,500,550
2087,2263,4,598,650,720
2088,2263,-1,298,360,423
2089,2263,1,250,262,300
2090,2263,2,371,405,430
2091,2264,-1,461,545,600
2092,2264,2,390,430,450
2093,2264,3,470,500,550
2094,2264,4,575,618,665
2095,2264,-1,480,550,611
2096,2264,2,385,425,448
2097,2264,3,470,500,550
2098,2264,4,584,620,673
2099,2264,-1,475,540,550
2100,2264,3,473,540,550
2101,2264,-1,375,450,480
2102,2265,-1,340,445,590
2103,2265,1,280,293,325
2104,2265,2,338,350,433
2105,2265,3,500,520,540
2106,2265,4,600,650,685
2107,2265,-1,430,520,610
2108,2265,3,500,515,546
2109,2265,4,600,650,685
2110,2265,-1,280,300,350
2111,2267,-1,450,490,590
2112,2267,-1,450,490,583
2113,2280,-1,450,550,650
2114,2280,1,343,361,398
2115,2280,2,395,470,520
2116,2280,3,540,590,635
2117,2280,4,650,745,799
2118,2280,-1,500,600,650
2119,2280,2,450,495,510
2120,2280,3,550,600,650
2121,2280,4,650,745,799
2122,2280,-1,500,540,640
2123,2280,-1,350,380,430
2124,2280,2,370,400,420
2125,2281,-1,468,540,680
2126,2281,1,295,310,363
2127,2281,2,421,480,515
2128,2281,3,526,578,655
2129,2281,4,756,815,850
2130,2281,-1,500,585,784
2131,2281,2,420,475,500
2132,2281,3,525,580,650
2133,2281,4,784,820,850
2134,2281,-1,280,310,445
2135,2282,-1,500,595,655
2136,2282,1,370,438,473
2137,2282,2,465,500,610
2138,2282,3,575,610,675
2139,2282,4,650,750,853
2140,2282,-1,520,595,690
2141,2282,2,375,500,505
2142,2282,3,568,605,683
2143,2282,4,650,750,853
2144,2282,-1,450,500,620
2145,2283,-1,430,510,598
2146,2283,1,186,250,355
2147,2283,2,414,445,513
2148,2283,3,470,520,575
2149,2283,4,590,635,700
2150,2283,-1,470,530,620
2151,2283,2,416,445,535
2152,2283,3,470,523,583
2153,2283,4,594,643,700
2154,2283,-1,328,380,423
2155,2284,-1,450,540,645
2156,2284,1,300,365,390
2157,2284,2,433,473,498
2158,2284,3,540,575,615
2159,2284,4,650,690,750
2160,2284,-1,480,560,650
2161,2284,2,450,475,490
2162,2284,3,531,578,623
2163,2284,4,650,690,750
2164,2284,-1,388,450,515
2165,2285,-1,495,600,690
2166,2285,1,300,300,370
2167,2285,2,448,465,500
2168,2285,3,530,580,630
2169,2285,4,650,700,720
2170,2285,-1,530,630,700
2171,2285,2,455,480,500
2172,2285,3,535,590,630
2173,2285,4,650,700,721
2174,2285,-1,458,563,635
2175,2285,-1,400,420,500
2176,2285,2,410,450,490
2177,2286,-1,458,545,673
2178,2286,-1,508,560,688
2179,2287,-1,450,550,645
2180,2287,1,196,293,355
2181,2287,2,450,485,500
2182,2287,3,530,580,630
2183,2287,4,640,680,745
2184,2287,-1,503,585,650
2185,2287,1,240,320,400
2186,2287,2,464,495,503
2187,2287,3,530,580,610
2188,2287,4,640,680,745
2189,2287,-1,155,175,320
2190,2287,1,150,170,215
2191,2287,-1,545,600,650
2192,2287,3,560,625,650
2193,2287,-1,330,408,486
2194,2287,1,293,330,370
2195,2287,2,450,460,483
2196,2287,3,508,575,650
2197,2289,-1,500,600,693
2198,2289,1,303,350,408
2199,2289,2,439,508,584
2200,2289,3,600,650,720
2201,2289,4,633,795,896
2202,2289,-1,500,620,725
2203,2289,2,443,500,615
2204,2289,3,596,650,708
2205,2289,4,615,790,898
2206,2289,-1,600,665,750
2207,2289,-1,405,530,550
2208,2289,2,431,530,546
2209,2290,-1,461,550,634
2210,2290,1,306,350,389
2211,2290,2,450,490,520
2212,2290,3,530,600,650
2213,2290,4,630,795,950
2214,2290,-1,500,570,680
2215,2290,2,450,500,550
2216,2290,3,520,600,640
2217,2290,4,719,835,950
2218,2290,-1,450,550,620
2219,2290,3,550,615,660
2220,2290,-1,360,450,500
2221,2290,1,329,355,393
2222,2290,2,445,485,500
2223,2291,-1,494,580,750
2224,2291,1,365,400,441
2225,2291,2,476,530,580
2226,2291,3,700,788,895
2227,2291,4,750,1000,1100
2228,2291,-1,569,750,895
2229,2291,2,500,550,600
2230,2291,3,719,810,954
2231,2291,4,800,1000,1050
2232,2291,-1,450,500,550
2233,2291,2,468,520,553
2234,2292,-1,400,550,638
2235,2292,1,325,350,373
2236,2292,2,455,550,590
2237,2292,3,583,630,655
2238,2292,-1,410,570,640
2239,2292,-1,368,420,575
2240,2293,-1,560,645,723
2241,2293,1,490,530,550
2242,2293,2,600,645,688
2243,2293,3,643,740,848
2244,2293,-1,580,650,765
2245,2293,3,640,690,866
2246,2293,-1,605,685,829
2247,2293,3,685,795,845
2248,2293,-1,525,600,660
2249,2293,1,475,520,535
2250,2293,2,605,650,675
2251,2294,-1,470,580,650
2252,2294,3,590,650,735
2253,2294,-1,523,580,648
2254,2294,3,585,645,718
2255,2295,-1,500,640,680
2256,2295,2,428,445,505
2257,2295,3,553,613,665
2258,2295,4,640,670,698
2259,2295,-1,543,650,691
2260,2295,3,550,595,650
2261,2295,4,650,680,700
2262,2296,-1,550,600,650
2263,2296,2,590,600,600
2264,2296,3,565,650,814
2265,2296,-1,550,600,678
2266,2296,3,555,630,681
2267,2296,-1,580,600,600
2268,2297,-1,210,400,660
2269,2297,1,200,205,253
2270,2297,-1,220,590,690
2271,2298,-1,290,490,598
2272,2298,1,221,260,315
2273,2298,2,460,480,530
2274,2298,3,550,600,650
2275,2298,4,613,730,808
2276,2298,-1,499,560,650
2277,2298,1,220,260,290
2278,2298,3,550,600,650
2279,2298,-1,185,260,278
2280,2298,1,178,245,275
2281,2298,-1,323,400,460
2282,2298,1,259,325,355
2283,2298,2,415,460,475
2284,2299,-1,263,443,560
2285,2299,1,200,255,330
2286,2299,2,421,468,524
2287,2299,3,523,560,600
2288,2299,4,256,620,694
2289,2299,-1,420,525,600
2290,2299,1,213,260,325
2291,2299,2,450,490,530
2292,2299,3,550,570,600
2293,2299,4,174,618,696
2294,2299,-1,180,215,291
2295,2299,1,180,210,270
2296,2299,-1,318,363,431
2297,2299,1,265,335,355
2298,2300,-1,460,550,660
2299,2300,1,385,460,550
2300,2300,2,510,593,690
2301,2300,3,690,750,830
2302,2300,-1,463,580,710
2303,2300,1,400,425,535
2304,2300,2,500,630,680
2305,2300,3,700,750,815
2306,2300,-1,250,250,505
2307,2300,1,250,250,281
2308,2300,-1,570,600,695
2309,2300,2,540,580,600
2310,2300,-1,461,550,650
2311,2300,1,405,490,550
2312,2300,2,515,600,720
2313,2300,3,671,700,824
2314,2302,-1,450,598,673
2315,2302,1,356,450,500
2316,2302,2,540,620,680
2317,2302,-1,450,583,673
2318,2303,-1,450,595,700
2319,2303,1,223,300,408
2320,2303,2,453,500,595
2321,2303,3,629,665,791
2322,2303,-1,493,630,750
2323,2303,2,458,500,600
2324,2303,3,630,715,791
2325,2303,-1,410,500,560
2326,2303,2,453,485,551
2327,2304,-1,350,530,620
2328,2304,1,210,250,330
2329,2304,2,450,500,550
2330,2304,3,570,610,650
2331,2304,4,580,650,750
2332,2304,-1,495,580,646
2333,2304,1,175,175,210
2334,2304,2,460,530,585
2335,2304,3,565,610,650
2336,2304,4,629,665,760
2337,2304,-1,310,350,460
2338,2304,1,250,315,347
2339,2304,2,450,460,500
2340,2305,-1,470,593,688
2341,2305,1,330,375,410
2342,2305,2,450,520,600
2343,2305,3,570,650,700
2344,2305,-1,550,640,708
2345,2305,2,485,600,628
2346,2305,3,575,650,700
2347,2305,-1,400,470,500
2348,2305,2,438,490,520
2349,2306,-1,450,480,520
2350,2306,-1,458,495,535
2351,2307,-1,300,473,580
2352,2307,1,190,270,300
2353,2307,3,550,580,620
2354,2307,-1,450,550,598
2355,2307,3,505,578,615
2356,2307,-1,213,275,313
2357,2315,-1,460,550,640
2358,2315,2,400,450,480
2359,2315,3,530,590,620
2360,2315,4,650,700,790
2361,2315,-1,500,600,685
2362,2315,2,408,450,484
2363,2315,3,550,595,640
2364,2315,4,650,720,800
2365,2315,-1,470,530,580
2366,2315,-1,409,465,540
2367,2315,2,398,455,480
2368,2316,-1,503,588,673
2369,2316,-1,550,620,700
2370,2317,-1,474,540,605
2371,2317,2,415,460,550
2372,2317,3,520,540,580
2373,2317,-1,530,580,650
2374,2317,-1,490,520,560
2375,2317,3,510,520,565
2376,2318,-1,530,578,635
2377,2318,3,520,550,570
2378,2318,4,600,630,700
2379,2318,-1,550,600,660
2380,2318,3,520,550,570
2381,2318,4,620,655,705
2382,2319,-1,420,530,595
2383,2319,2,400,420,445
2384,2319,3,473,530,555
2385,2319,4,600,615,650
2386,2319,-1,463,550,600
2387,2319,3,480,530,560
2388,2319,4,600,615,650
2389,2320,-1,450,530,590
2390,2320,1,250,273,350
2391,2320,2,394,430,450
2392,2320,3,470,500,550
2393,2320,4,550,590,620
2394,2320,-1,491,550,600
2395,2320,2,400,445,454
2396,2320,3,470,510,550
2397,2320,4,550,600,630
2398,2320,-1,430,475,550
2399,2320,2,410,430,440
2400,2320,4,540,550,560
2401,2320,-1,360,420,450
2402,2320,2,360,420,450
2403,2321,-1,483,560,600
2404,2321,2,400,420,430
2405,2321,3,499,525,550
2406,2321,4,580,600,630
2407,2321,-1,508,580,600
2408,2321,2,405,420,440
2409,2321,3,490,520,550
2410,2321,4,580,600,630
2411,2321,-1,480,500,545
2412,2321,3,500,520,550
2413,2321,-1,380,430,500
2414,2322,-1,450,550,650
2415,2322,2,405,440,450
2416,2322,3,480,530,555
2417,2322,4,600,650,700
2418,2322,-1,500,600,685
2419,2322,3,480,520,550
2420,2322,4,620,660,720
2421,2322,-1,453,540,550
2422,2322,-1,350,400,450
2423,2323,-1,430,500,580
2424,2323,1,300,300,340
2425,2323,2,360,395,440
2426,2323,3,498,520,550
2427,2323,4,600,650,690
2428,2323,-1,488,550,600
2429,2323,2,350,400,420
2430,2323,3,500,525,550
2431,2323,4,600,645,693
2432,2323,-1,440,450,504
2433,2323,-1,316,370,461
2434,2323,2,356,373,398
2435,2324,-1,410,470,543
2436,2324,1,280,320,350
2437,2324,2,400,420,450
2438,2324,3,450,500,530
2439,2324,4,580,600,650
2440,2324,-1,450,500,580
2441,2324,2,420,430,450
2442,2324,3,453,500,530
2443,2324,4,580,600,648
2444,2324,-1,400,460,473
2445,2324,-1,360,400,430
2446,2324,2,390,410,420
2447,2325,-1,400,450,520
2448,2325,1,280,280,305
2449,2325,2,370,400,420
2450,2325,3,450,480,500
2451,2325,4,550,570,600
2452,2325,-1,420,480,543
2453,2325,1,280,300,315
2454,2325,2,383,400,424
2455,2325,3,450,480,500
2456,2325,4,550,578,600
2457,2325,-1,408,480,515
2458,2325,-1,300,350,400
2459,2325,1,278,280,300
2460,2325,2,350,380,410
2461,2326,-1,400,450,480
2462,2326,2,383,405,438
2463,2326,3,443,460,480
2464,2326,-1,425,450,485
2465,2326,2,400,420,445
2466,2326,3,448,475,484
2467,2327,-1,393,440,490
2468,2327,2,380,400,420
2469,2327,3,420,480,500
2470,2327,-1,400,460,500
2471,2327,2,400,400,420
2472,2327,3,440,480,500
2473,2329,-1,255,300,365
2474,2329,-1,300,335,395
2475,2330,-1,380,488,588
2476,2330,2,350,380,443
2477,2330,3,475,510,580
2478,2330,4,595,628,703
2479,2330,-1,465,540,630
2480,2330,2,398,425,475
2481,2330,3,475,520,600
2482,2330,4,595,628,703
2483,2330,-1,348,363,450
2484,2330,2,350,360,400
2485,2333,-1,340,420,510
2486,2333,1,205,220,230
2487,2333,2,300,325,350
2488,2333,3,380,410,450
2489,2333,4,505,545,560
2490,2333,-1,400,460,530
2491,2333,3,380,410,450
2492,2333,4,495,545,560
2493,2333,-1,230,300,380
2494,2333,2,280,300,350
2495,2334,-1,435,490,550
2496,2334,2,395,420,445
2497,2334,4,530,550,590
2498,2334,-1,470,540,565
2499,2335,-1,478,550,620
2500,2335,3,470,490,530
2501,2335,4,550,590,645
2502,2335,-1,500,580,625
2503,2335,3,480,500,550
2504,2335,4,550,593,648
2505,2337,-1,400,460,586
2506,2337,3,450,460,470
2507,2337,4,574,600,658
2508,2337,-1,450,470,600
2509,2337,3,450,460,470
2510,2337,4,574,600,658
2511,2337,-1,276,340,403
2512,2340,-1,320,390,460
2513,2340,1,233,265,300
2514,2340,2,300,325,360
2515,2340,3,380,415,460
2516,2340,4,445,490,550
2517,2340,-1,360,420,480
2518,2340,1,248,250,295
2519,2340,2,310,330,360
2520,2340,3,390,420,465
2521,2340,4,445,490,550
2522,2340,-1,205,325,358
2523,2340,-1,270,320,360
2524,2340,1,238,270,327
2525,2340,2,280,320,350
2526,2343,-1,266,360,450
2527,2343,-1,360,420,500
2528,2346,-1,284,330,365
2529,2346,-1,330,345,393
2530,2350,-1,290,360,450
2531,2350,1,200,220,260
2532,2350,2,280,315,350
2533,2350,3,380,420,465
2534,2350,4,470,500,533
2535,2350,-1,340,420,490
2536,2350,1,184,208,260
2537,2350,2,290,320,358
2538,2350,3,390,430,475
2539,2350,4,470,500,535
2540,2350,-1,259,295,330
2541,2350,1,220,250,288
2542,2350,2,273,305,335
2543,2352,-1,350,390,410
2544,2352,-1,358,395,413
2545,2357,-1,250,290,350
2546,2357,-1,250,290,350
2547,2358,-1,250,350,450
2548,2358,-1,288,380,483
2549,2360,-1,310,360,420
2550,2360,1,193,220,268
2551,2360,2,280,300,330
2552,2360,3,350,370,410
2553,2360,4,420,450,490
2554,2360,-1,348,380,435
2555,2360,2,295,320,340
2556,2360,3,360,380,420
2557,2360,4,420,450,480
2558,2360,-1,215,260,310
2559,2360,1,190,220,230
2560,2360,2,270,280,310
2561,2365,-1,180,300,380
2562,2365,3,310,370,400
2563,2365,-1,276,340,380
2564,2370,-1,250,330,368
2565,2370,2,230,250,280
2566,2370,3,330,350,375
2567,2370,-1,323,355,380
2568,2370,3,350,360,379
2569,2370,-1,193,230,258
2570,2372,-1,340,380,423
2571,2372,3,350,380,420
2572,2372,-1,350,395,425
2573,2372,3,350,380,420
2574,2380,-1,340,400,480
2575,2380,1,215,220,254
2576,2380,2,320,370,395
2577,2380,3,380,450,493
2578,2380,4,500,550,650
2579,2380,-1,374,423,500
2580,2380,2,370,380,415
2581,2380,3,380,440,500
2582,2380,4,500,550,650
2583,2380,-1,253,340,410
2584,2380,2,290,340,390
2585,2382,-1,300,350,370
2586,2382,1,290,350,370
2587,2382,-1,350,350,370
2588,2382,1,350,350,370
2589,2388,-1,200,300,400
2590,2390,-1,223,388,450
2591,2390,1,200,200,223
2592,2390,2,250,280,390
2593,2390,3,420,450,500
2594,2390,4,425,460,500
2595,2390,-1,389,435,485
2596,2390,3,420,450,500
2597,2390,4,425,460,500
2598,2390,-1,200,230,280
2599,2390,2,243,255,338
2600,2400,-1,250,320,400
2601,2400,2,220,270,310
2602,2400,3,310,350,400
2603,2400,4,431,490,500
2604,2400,-1,300,350,425
2605,2400,3,320,350,400
2606,2400,4,431,490,500
2607,2400,-1,218,270,305
2608,2400,2,220,270,300
2609,2402,-1,238,255,308
2610,2420,-1,390,463,543
2611,2420,3,450,495,525
2612,2420,-1,448,488,550
2613,2420,3,450,495,525
2614,2422,-1,300,380,450
2615,2422,-1,355,420,480
2616,2423,-1,428,450,460
2617,2423,-1,428,450,460
2618,2427,-1,398,435,505
2619,2427,2,370,400,400
2620,2427,3,435,470,585
2621,2427,-1,400,460,520
2622,2427,3,438,490,613
2623,2428,-1,360,440,550
2624,2428,1,265,290,350
2625,2428,2,350,380,430
2626,2428,3,480,550,589
2627,2428,4,650,700,750
2628,2428,-1,455,550,630
2629,2428,2,388,435,450
2630,2428,3,480,550,585
2631,2428,4,650,700,750
2632,2428,-1,438,450,500
2633,2428,-1,320,360,400
2634,2428,1,255,290,328
2635,2428,2,350,365,400
2636,2429,-1,384,425,478
2637,2429,-1,400,430,500
2638,2430,-1,371,435,518
2639,2430,1,275,325,379
2640,2430,2,320,370,420
2641,2430,3,420,450,520
2642,2430,4,533,585,650
2643,2430,-1,420,470,550
2644,2430,2,370,410,450
2645,2430,3,418,450,496
2646,2430,4,533,585,650
2647,2430,-1,395,455,535
2648,2430,-1,300,360,400
2649,2430,1,265,325,377
2650,2430,2,310,360,400
2651,2431,-1,360,420,500
2652,2431,2,345,360,376
2653,2431,3,440,470,500
2654,2431,-1,433,495,575
2655,2431,3,448,480,538
2656,2431,-1,329,360,376
2657,2431,2,330,360,365
2658,2439,-1,450,500,580
2659,2440,-1,350,400,475
2660,2440,1,200,230,278
2661,2440,2,330,350,420
2662,2440,3,400,430,479
2663,2440,4,475,500,580
2664,2440,-1,400,450,500
2665,2440,3,400,430,480
2666,2440,4,475,500,580
2667,2440,-1,290,340,395
2668,2440,2,330,350,410
2669,2441,-1,300,400,500
2670,2441,-1,343,430,500
2671,2443,-1,385,463,550
2672,2443,2,370,400,450
2673,2443,3,465,500,563
2674,2443,-1,450,510,584
2675,2443,3,465,500,550
2676,2443,-1,360,385,450
2677,2444,-1,430,530,600
2678,2444,1,285,360,400
2679,2444,2,395,440,471
2680,2444,3,526,560,600
2681,2444,4,640,670,720
2682,2444,-1,530,590,650
2683,2444,2,420,460,495
2684,2444,3,530,560,600
2685,2444,4,640,673,720
2686,2444,-1,430,510,560
2687,2444,2,450,450,475
2688,2444,3,545,550,570
2689,2444,-1,450,525,555
2690,2444,2,440,450,465
2691,2444,3,530,550,580
2692,2444,-1,370,420,464
2693,2444,1,279,340,406
2694,2444,2,380,420,455
2695,2444,3,443,495,623
2696,2445,-1,445,585,680
2697,2445,2,350,395,460
2698,2445,3,520,550,630
2699,2445,4,638,690,724
2700,2445,-1,525,600,700
2701,2445,3,520,550,630
2702,2445,4,675,700,725
2703,2446,-1,425,490,550
2704,2446,2,373,400,450
2705,2446,3,470,495,525
2706,2446,4,538,600,700
2707,2446,-1,440,498,563
2708,2446,2,388,433,458
2709,2446,3,470,495,525
2710,2446,4,550,605,763
2711,2446,-1,430,480,500
2712,2447,-1,385,480,510
2713,2447,3,458,500,505
2714,2447,-1,450,495,528
2715,2447,3,458,500,505
2716,2448,-1,348,450,526
2717,2448,1,250,275,300
2718,2448,2,318,375,420
2719,2448,3,480,505,538
2720,2448,4,560,650,670
2721,2448,-1,430,500,550
2722,2448,3,480,500,530
2723,2448,4,560,650,670
2724,2448,-1,300,340,420
2725,2448,2,318,365,405
2726,2450,-1,450,535,650
2727,2450,1,320,380,412
2728,2450,2,420,460,500
2729,2450,3,550,590,640
2730,2450,4,680,750,791
2731,2450,-1,520,630,740
2732,2450,2,450,480,500
2733,2450,3,560,600,650
2734,2450,4,683,750,794
2735,2450,-1,380,455,581
2736,2450,2,390,440,460
2737,2450,-1,500,550,600
2738,2450,2,465,495,523
2739,2450,3,550,585,626
2740,2450,-1,390,440,498
2741,2450,1,355,400,430
2742,2450,2,400,450,500
2743,2452,-1,450,550,648
2744,2452,1,300,345,376
2745,2452,2,420,485,510
2746,2452,3,530,575,600
2747,2452,4,680,700,750
2748,2452,-1,515,590,680
2749,2452,2,415,470,520
2750,2452,3,545,578,600
2751,2452,4,680,700,750
2752,2452,-1,380,430,500
2753,2452,2,413,493,508
2754,2453,-1,315,350,393
2755,2453,-1,330,350,395
2756,2454,-1,440,535,600
2757,2454,3,535,580,640
2758,2454,-1,490,550,600
2759,2454,3,535,580,640
2760,2455,-1,415,478,550
2761,2455,3,475,500,550
2762,2455,-1,450,490,550
2763,2455,3,469,495,550
2764,2456,-1,470,575,680
2765,2456,1,345,350,365
2766,2456,2,435,450,490
2767,2456,3,550,580,650
2768,2456,4,680,700,760
2769,2456,-1,550,625,680
2770,2456,2,450,465,500
2771,2456,3,550,580,650
2772,2456,4,680,700,765
2773,2456,-1,469,515,596
2774,2456,-1,350,390,450
2775,2460,-1,320,410,475
2776,2460,1,250,285,300
2777,2460,2,305,360,400
2778,2460,3,400,430,480
2779,2460,4,465,515,580
2780,2460,-1,380,440,500
2781,2460,3,400,430,480
2782,2460,4,500,520,580
2783,2460,-1,360,400,443
2784,2460,-1,280,320,375
2785,2460,2,299,320,364
2786,2463,-1,420,465,575
2787,2463,2,375,385,440
2788,2463,3,433,475,544
2789,2463,4,550,600,650
2790,2463,-1,420,475,579
2791,2463,3,443,480,544
2792,2463,4,550,600,650
2793,2464,-1,450,520,600
2794,2464,1,319,350,353
2795,2464,2,390,470,505
2796,2464,3,520,555,615
2797,2464,4,640,650,730
2798,2464,-1,510,565,650
2799,2464,3,524,560,600
2800,2464,-1,344,415,475
2801,2464,2,365,450,475
2802,2466,-1,400,450,490
2803,2466,-1,450,480,500
2804,2469,-1,300,400,590
2805,2469,-1,328,400,620
2806,2470,-1,380,430,500
2807,2470,2,323,355,380
2808,2470,3,420,450,480
2809,2470,4,475,500,570
2810,2470,-1,420,450,500
2811,2470,2,345,380,401
2812,2470,3,420,450,480
2813,2470,4,470,500,560
2814,2470,-1,300,325,380
2815,2470,2,300,330,380
2816,2473,-1,400,510,558
2817,2473,2,400,415,495
2818,2473,3,544,570,613
2819,2473,-1,480,550,600
2820,2473,-1,328,400,515
2821,2474,-1,350,425,478
2822,2474,3,369,450,478
2823,2474,-1,398,450,480
2824,2474,3,386,450,483
2825,2477,-1,505,595,650
2826,2477,2,450,470,495
2827,2477,3,550,595,630
2828,2477,4,630,750,820
2829,2477,-1,550,600,710
2830,2477,3,550,595,630
2831,2477,4,630,750,820
2832,2477,-1,450,495,574
2833,2478,-1,500,650,750
2834,2478,1,335,375,465
2835,2478,2,460,500,580
2836,2478,3,600,680,750
2837,2478,4,720,780,850
2838,2478,-1,650,730,800
2839,2478,2,488,620,700
2840,2478,3,650,700,750
2841,2478,4,730,780,850
2842,2478,-1,340,495,595
2843,2478,-1,550,600,710
2844,2478,2,520,560,625
2845,2478,3,580,600,680
2846,2478,-1,450,500,580
2847,2478,2,450,495,543
2848,2478,3,575,650,700
2849,2479,-1,650,770,988
2850,2479,1,431,573,600
2851,2479,3,690,895,973
2852,2479,-1,665,850,990
2853,2479,3,690,895,973
2854,2480,-1,370,465,550
2855,2480,1,220,290,355
2856,2480,2,350,380,410
2857,2480,3,460,500,570
2858,2480,4,550,600,750
2859,2480,-1,460,525,600
2860,2480,2,358,400,448
2861,2480,3,483,525,590
2862,2480,4,550,620,750
2863,2480,-1,330,370,395
2864,2480,1,196,305,350
2865,2480,2,340,370,390
2866,2480,3,375,425,453
2867,2481,-1,720,890,1200
2868,2481,1,420,550,625
2869,2481,2,700,750,850
2870,2481,3,850,950,1050
2871,2481,4,1200,1400,2045
2872,2481,-1,750,950,1300
2873,2481,1,455,550,590
2874,2481,2,690,738,793
2875,2481,3,850,950,1050
2876,2481,4,1200,1400,2060
2877,2481,-1,824,900,1038
2878,2481,3,850,925,1063
2879,2481,-1,606,735,869
2880,2481,1,450,560,650
2881,2481,2,713,798,850
2882,2482,-1,478,635,800
2883,2482,1,370,400,498
2884,2482,3,650,700,788
2885,2482,4,840,880,1163
2886,2482,-1,600,750,825
2887,2482,3,650,700,800
2888,2482,4,840,880,1163
2889,2483,-1,550,690,800
2890,2483,1,400,463,494
2891,2483,2,550,550,640
2892,2483,3,693,750,800
2893,2483,4,800,883,900
2894,2483,-1,650,750,850
2895,2483,2,550,613,650
2896,2483,3,700,750,843
2897,2483,4,800,895,913
2898,2483,-1,456,513,610
2899,2483,1,400,450,480
2900,2484,-1,400,550,650
2901,2484,2,380,468,500
2902,2484,3,595,650,680
2903,2484,-1,540,600,681
2904,2484,2,470,500,585
2905,2484,3,600,670,690
2906,2484,-1,350,380,420
2907,2484,2,350,380,420
2908,2485,-1,500,620,750
2909,2485,1,338,388,463
2910,2485,2,500,570,660
2911,2485,3,688,750,843
2912,2485,-1,583,750,850
2913,2485,2,500,550,650
2914,2485,3,736,793,843
2915,2485,-1,290,480,545
2916,2485,-1,556,680,736
2917,2485,3,569,685,783
2918,2485,-1,500,595,695
2919,2485,2,500,585,660
2920,2485,3,733,750,820
2921,2486,-1,550,695,850
2922,2486,1,378,395,400
2923,2486,2,450,510,580
2924,2486,3,600,680,750
2925,2486,4,810,870,950
2926,2486,-1,688,795,885
2927,2486,3,665,750,795
2928,2486,4,805,865,950
2929,2486,-1,530,600,630
2930,2486,3,600,620,650
2931,2486,-1,398,450,535
2932,2486,2,450,450,500
2933,2487,-1,630,750,910
2934,2487,1,480,525,565
2935,2487,2,555,650,693
2936,2487,3,776,825,856
2937,2487,4,931,1100,1475
2938,2487,-1,800,923,1113
2939,2487,3,795,850,900
2940,2487,4,925,1100,1500
2941,2487,-1,490,610,750
2942,2487,-1,696,750,850
2943,2487,2,595,693,731
2944,2487,3,763,850,869
2945,2487,-1,560,650,746
2946,2487,2,570,630,665
2947,2488,-1,599,708,850
2948,2488,3,743,790,856
2949,2488,-1,735,850,925
2950,2489,-1,593,700,799
2951,2489,2,500,540,640
2952,2489,3,634,690,745
2953,2489,4,794,850,900
2954,2489,-1,650,795,900
2955,2489,4,794,850,900
2956,2489,-1,615,675,723
2957,2489,3,645,675,735
2958,2500,-1,450,550,650
2959,2500,1,319,373,450
2960,2500,2,450,513,623
2961,2500,3,620,688,781
2962,2500,4,690,825,895
2963,2500,-1,520,630,720
2964,2500,1,213,283,358
2965,2500,2,470,525,608
2966,2500,3,610,670,745
2967,2500,4,693,813,899
2968,2500,-1,200,275,475
2969,2500,-1,550,608,685
2970,2500,2,500,550,630
2971,2500,3,615,680,750
2972,2500,-1,430,500,650
2973,2500,1,345,400,500
2974,2500,2,450,500,630
2975,2500,3,650,735,850
2976,2502,-1,400,520,588
2977,2502,1,308,350,350
2978,2502,2,380,420,480
2979,2502,3,520,550,620
2980,2502,-1,483,550,620
2981,2502,3,530,550,620
2982,2502,-1,350,380,450
2983,2505,-1,280,440,550
2984,2505,2,399,420,500
2985,2505,3,530,550,580
2986,2505,-1,510,560,600
2987,2505,-1,255,280,340
2988,2505,-1,398,420,463
2989,2506,-1,523,560,644
2990,2506,3,550,560,595
2991,2506,-1,550,565,644
2992,2506,3,550,560,580
2993,2508,-1,500,700,850
2994,2508,2,475,500,565
2995,2508,3,700,760,844
2996,2508,4,825,850,890
2997,2508,-1,560,750,850
2998,2508,3,700,750,825
2999,2515,-1,583,730,880
3000,2515,2,550,590,680
3001,2515,3,750,850,890
3002,2515,4,931,1140,1350
3003,2515,-1,705,823,994
3004,2515,4,931,1140,1350
3005,2515,-1,658,735,856
3006,2515,-1,550,585,650
3007,2516,-1,578,700,876
3008,2516,-1,700,828,950
3009,2517,-1,450,600,750
3010,2517,2,435,495,550
3011,2517,3,670,750,760
3012,2517,4,800,850,990
3013,2517,-1,550,750,843
3014,2517,3,630,750,800
3015,2517,4,825,850,970
3016,2517,-1,575,680,750
3017,2517,-1,400,430,470
3018,2517,2,413,450,480
3019,2518,-1,440,550,650
3020,2518,1,300,350,410
3021,2518,2,420,460,550
3022,2518,3,580,650,700
3023,2518,4,750,800,850
3024,2518,-1,580,640,750
3025,2518,2,420,540,615
3026,2518,3,600,650,730
3027,2518,4,770,800,875
3028,2518,-1,550,635,700
3029,2518,2,440,550,635
3030,2518,3,585,650,705
3031,2518,-1,400,450,490
3032,2518,2,420,455,490
3033,2519,-1,500,580,708
3034,2519,1,350,390,450
3035,2519,2,480,520,560
3036,2519,3,580,620,720
3037,2519,4,758,850,900
3038,2519,-1,580,650,800
3039,2519,2,490,530,595
3040,2519,3,580,620,700
3041,2519,4,773,850,900
3042,2519,-1,580,600,760
3043,2519,-1,401,483,519
3044,2519,1,355,395,456
3045,2519,2,418,488,516
3046,2525,-1,550,620,718
3047,2525,3,585,630,680
3048,2525,4,800,850,860
3049,2525,-1,580,650,781
3050,2525,3,580,630,685
3051,2525,4,800,850,860
3052,2526,-1,486,618,680
3053,2526,2,436,450,481
3054,2526,3,500,600,650
3055,2526,4,673,730,771
3056,2526,-1,513,640,730
3057,2526,3,500,550,630
3058,2526,4,680,730,775
3059,2527,-1,563,640,700
3060,2527,3,571,623,650
3061,2527,4,650,700,753
3062,2527,-1,580,650,700
3063,2527,3,565,625,650
3064,2527,4,665,700,765
3065,2527,-1,600,630,650
3066,2527,3,600,628,650
3067,2528,-1,450,550,623
3068,2528,1,283,345,380
3069,2528,2,400,470,520
3070,2528,3,550,585,650
3071,2528,4,680,700,795
3072,2528,-1,550,598,655
3073,2528,3,550,590,650
3074,2528,4,668,730,800
3075,2528,-1,510,580,650
3076,2528,-1,370,400,478
3077,2528,2,400,440,490
3078,2529,-1,570,660,750
3079,2529,2,460,520,580
3080,2529,3,600,650,700
3081,2529,4,750,793,850
3082,2529,-1,635,720,800
3083,2529,3,600,650,715
3084,2529,4,750,798,850
3085,2529,-1,573,650,700
3086,2529,3,595,650,685
3087,2529,-1,425,520,588
3088,2529,2,443,520,580
3089,2530,-1,500,580,650
3090,2530,2,405,450,485
3091,2530,3,550,580,650
3092,2530,4,644,725,795
3093,2530,-1,530,580,650
3094,2530,2,400,465,490
3095,2530,3,550,580,618
3096,2530,4,625,750,795
3097,2530,-1,623,650,675
3098,2530,3,630,650,675
3099,2530,-1,305,420,458
3100,2530,2,420,430,455
3101,2533,-1,550,645,735
3102,2533,2,460,550,595
3103,2533,3,600,670,715
3104,2533,4,705,780,879
3105,2533,-1,600,700,790
3106,2533,3,600,660,743
3107,2533,4,705,780,879
3108,2533,-1,570,650,710
3109,2533,3,650,700,710
3110,2533,-1,450,525,598
3111,2533,2,450,580,599
3112,2534,-1,535,650,778
3113,2534,2,448,510,550
3114,2534,3,620,650,725
3115,2534,4,730,790,850
3116,2534,-1,640,710,850
3117,2534,4,720,800,855
3118,2534,-1,350,480,550
3119,2535,-1,550,680,750
3120,2535,3,535,650,715
3121,2535,-1,576,725,773
3122,2535,3,550,680,750
3123,2536,-1,408,480,561
3124,2536,2,380,405,450
3125,2536,3,478,525,560
3126,2536,4,600,650,700
3127,2536,-1,460,550,600
3128,2536,2,400,450,465
3129,2536,3,483,538,560
3130,2536,4,600,650,700
3131,2536,-1,430,470,550
3132,2536,-1,375,395,448
3133,2536,2,364,390,420
3134,2537,-1,405,490,580
3135,2537,2,385,400,450
3136,2537,3,473,535,595
3137,2537,4,550,600,675
3138,2537,-1,428,540,600
3139,2537,2,393,400,425
3140,2537,3,500,550,600
3141,2537,4,550,600,675
3142,2537,-1,350,440,460
3143,2539,-1,435,525,580
3144,2539,2,393,420,470
3145,2539,3,480,525,550
3146,2539,4,550,628,683
3147,2539,-1,455,540,590
3148,2539,2,415,425,508
3149,2539,3,480,530,550
3150,2539,4,550,650,690
3151,2540,-1,435,500,570
3152,2540,1,280,350,400
3153,2540,2,380,420,473
3154,2540,3,460,500,550
3155,2540,4,550,590,624
3156,2540,-1,450,500,580
3157,2540,1,250,315,355
3158,2540,2,400,420,480
3159,2540,3,470,500,550
3160,2540,4,550,590,621
3161,2540,-1,428,458,500
3162,2540,-1,375,420,450
3163,2540,2,368,410,430
3164,2541,-1,400,480,550
3165,2541,1,265,315,345
3166,2541,2,350,400,420
3167,2541,3,460,500,540
3168,2541,4,548,615,670
3169,2541,-1,420,500,560
3170,2541,2,348,400,420
3171,2541,3,460,500,540
3172,2541,4,560,620,670
3173,2541,-1,475,500,545
3174,2541,-1,323,400,420
3175,2541,2,360,400,420
3176,2546,-1,360,430,510
3177,2546,2,370,420,450
3178,2546,3,489,515,550
3179,2546,-1,400,450,550
3180,2546,2,400,440,450
3181,2546,3,493,510,560
3182,2546,-1,300,350,410
3183,2548,-1,450,523,615
3184,2548,2,443,468,500
3185,2548,3,550,595,650
3186,2548,-1,565,630,680
3187,2548,3,580,630,680
3188,2548,-1,420,475,530
3189,2548,2,420,450,500
3190,2548,3,514,580,635
3191,2549,-1,438,525,605
3192,2549,3,478,550,605
3193,2549,-1,550,595,627
3194,2549,-1,345,430,490
3195,2550,-1,400,480,583
3196,2550,2,347,450,460
3197,2550,3,450,510,593
3198,2550,4,535,575,640
3199,2550,-1,450,510,600
3200,2550,2,370,450,490
3201,2550,3,450,515,593
3202,2550,4,535,575,640
3203,2550,-1,300,375,425
3204,2551,-1,393,415,500
3205,2557,-1,600,650,700
3206,2557,1,380,400,400
3207,2557,2,420,440,453
3208,2557,3,600,625,658
3209,2557,4,650,685,750
3210,2557,-1,630,660,700
3211,2557,3,600,630,655
3212,2557,4,650,680,750
3213,2558,-1,493,500,550
3214,2558,3,500,510,550
3215,2558,-1,500,520,553
3216,2558,3,500,520,550
3217,2560,-1,429,480,560
3218,2560,1,325,370,390
3219,2560,2,390,428,460
3220,2560,3,460,500,550
3221,2560,4,579,650,730
3222,2560,-1,450,500,600
3223,2560,2,400,420,455
3224,2560,3,460,500,550
3225,2560,4,575,650,725
3226,2560,-1,370,405,450
3227,2560,2,365,390,420
3228,2560,-1,440,460,590
3229,2560,-1,375,430,470
3230,2560,1,323,348,389
3231,2560,2,380,430,470
3232,2563,-1,523,650,755
3233,2563,4,650,680,773
3234,2563,-1,630,650,760
3235,2563,4,650,680,773
3236,2564,-1,409,455,520
3237,2564,2,395,420,440
3238,2564,3,455,480,520
3239,2564,-1,430,475,520
3240,2564,2,390,430,443
3241,2564,3,460,480,520
3242,2564,-1,400,425,500
3243,2564,2,378,400,418
3244,2565,-1,450,600,700
3245,2565,1,290,350,390
3246,2565,2,403,448,480
3247,2565,3,530,600,640
3248,2565,4,680,705,773
3249,2565,-1,530,650,700
3250,2565,2,420,450,484
3251,2565,3,540,600,640
3252,2565,4,680,700,770
3253,2565,-1,400,420,610
3254,2565,-1,445,500,600
3255,2565,2,423,448,500
3256,2565,3,495,600,650
3257,2565,-1,395,420,450
3258,2566,-1,420,500,580
3259,2566,1,220,230,260
3260,2566,2,380,400,420
3261,2566,3,488,510,550
3262,2566,4,585,650,705
3263,2566,-1,488,530,623
3264,2566,3,495,520,550
3265,2566,4,580,650,710
3266,2566,-1,410,430,480
3267,2566,-1,360,390,420
3268,2566,2,360,380,420
3269,2567,-1,500,610,694
3270,2567,1,350,400,430
3271,2567,2,435,460,485
3272,2567,3,528,580,640
3273,2567,4,650,700,750
3274,2567,-1,550,640,700
3275,2567,3,513,580,635
3276,2567,4,650,700,753
3277,2567,-1,403,410,448
3278,2570,-1,520,640,693
3279,2570,1,350,380,410
3280,2570,2,420,465,500
3281,2570,3,540,600,640
3282,2570,4,650,675,720
3283,2570,-1,600,650,700
3284,2570,1,358,380,410
3285,2570,2,430,460,508
3286,2570,3,540,600,640
3287,2570,4,650,675,720
3288,2570,-1,428,478,570
3289,2570,-1,450,580,643
3290,2570,-1,370,400,470
3291,2570,1,343,373,394
3292,2570,2,415,465,478
3293,2571,-1,410,540,700
3294,2571,2,360,410,428
3295,2571,3,480,550,593
3296,2571,4,700,735,850
3297,2571,-1,479,603,705
3298,2571,3,480,550,593
3299,2571,4,700,735,850
3300,2571,-1,345,360,410
3301,2572,-1,450,580,625
3302,2572,2,411,440,458
3303,2572,4,600,605,658
3304,2572,-1,500,600,640
3305,2572,4,600,605,658
3306,2573,-1,463,528,600
3307,2573,2,343,400,405
3308,2573,3,490,520,530
3309,2573,4,580,600,643
3310,2573,-1,500,550,600
3311,2573,3,490,520,530
3312,2573,4,580,600,643
3313,2574,-1,450,535,685
3314,2574,-1,480,560,700
3315,2575,-1,500,600,680
3316,2575,2,423,498,620
3317,2575,3,520,575,620
3318,2575,4,650,685,800
3319,2575,-1,550,650,690
3320,2575,3,520,575,623
3321,2575,4,650,685,800
3322,2575,-1,333,388,428
3323,2576,-1,480,650,800
3324,2576,1,400,415,435
3325,2576,2,438,490,615
3326,2576,3,571,650,781
3327,2576,4,750,825,990
3328,2576,-1,550,720,850
3329,2576,3,568,650,788
3330,2576,4,740,825,1045
3331,2576,-1,400,405,483
3332,2577,-1,500,600,750
3333,2577,1,355,390,420
3334,2577,2,465,495,585
3335,2577,3,530,550,635
3336,2577,4,690,750,980
3337,2577,-1,550,650,780
3338,2577,2,443,540,585
3339,2577,3,530,550,620
3340,2577,4,698,765,985
3341,2577,-1,383,485,553
3342,2579,-1,480,550,640
3343,2579,3,500,540,558
3344,2579,-1,495,550,650
3345,2579,3,500,540,558
3346,2580,-1,375,450,500
3347,2580,1,255,295,340
3348,2580,2,320,350,390
3349,2580,3,410,450,500
3350,2580,4,500,540,600
3351,2580,-1,396,460,510
3352,2580,2,348,375,390
3353,2580,3,415,450,500
3354,2580,4,500,540,600
3355,2580,-1,358,435,500
3356,2580,2,350,355,396
3357,2580,3,400,450,500
3358,2580,-1,290,320,375
3359,2580,1,250,300,387
3360,2580,2,295,320,355
3361,2582,-1,445,550,700
3362,2582,2,400,420,465
3363,2582,3,500,550,590
3364,2582,4,595,730,763
3365,2582,-1,500,570,700
3366,2582,3,500,550,593
3367,2582,4,595,730,763
3368,2583,-1,335,370,408
3369,2583,-1,350,380,430
3370,2586,-1,290,400,438
3371,2586,-1,320,400,450
3372,2590,-1,273,350,400
3373,2590,3,350,360,388
3374,2590,-1,345,365,413
3375,2590,3,350,360,395
3376,2594,-1,300,350,400
3377,2594,2,265,285,340
3378,2594,3,350,360,400
3379,2594,-1,350,363,418
3380,2594,2,330,340,350
3381,2594,3,350,360,400
3382,2594,-1,250,260,284
3383,2619,-1,646,750,785
3384,2619,4,750,780,810
3385,2619,-1,699,770,800
3386,2619,4,750,780,815
3387,2620,-1,380,500,630
3388,2620,1,280,325,360
3389,2620,2,415,460,530
3390,2620,3,580,620,655
3391,2620,4,730,760,800
3392,2620,-1,545,650,750
3393,2620,1,280,318,350
3394,2620,2,420,520,545
3395,2620,3,580,620,665
3396,2620,4,740,765,805
3397,2620,-1,468,530,601
3398,2620,2,450,490,520
3399,2620,3,600,620,650
3400,2620,-1,320,390,460
3401,2620,1,286,323,360
3402,2620,2,400,450,509
3403,2621,-1,530,650,750
3404,2621,4,715,750,801
3405,2621,-1,530,710,784
3406,2621,4,710,750,808
3407,2622,-1,400,475,543
3408,2622,-1,448,485,550
3409,2627,-1,700,1150,1500
3410,2627,1,500,593,619
3411,2627,2,688,900,1150
3412,2627,3,1125,1400,1600
3413,2627,4,1000,2000,2500
3414,2627,-1,795,1150,1700
3415,2627,3,850,1300,1500
3416,2627,4,1000,2000,2625
3417,2627,-1,510,910,1238
3418,2627,2,700,1000,1200
3419,2628,-1,391,500,713
3420,2628,-1,399,575,750
3421,2629,-1,450,500,850
3422,2629,-1,450,500,850
3423,2630,-1,378,490,578
3424,2630,2,343,380,448
3425,2630,3,455,500,550
3426,2630,-1,420,500,585
3427,2630,2,353,400,440
3428,2630,3,453,500,550
3429,2630,-1,305,320,420
3430,2640,-1,340,420,490
3431,2640,1,216,250,329
3432,2640,2,320,350,400
3433,2640,3,400,440,473
3434,2640,4,500,550,585
3435,2640,-1,400,450,530
3436,2640,1,190,220,285
3437,2640,2,330,350,420
3438,2640,3,400,440,474
3439,2640,4,500,550,588
3440,2640,-1,380,420,450
3441,2640,2,350,380,423
3442,2640,3,435,440,470
3443,2640,-1,280,330,380
3444,2640,1,220,260,345
3445,2640,2,300,330,380
3446,2640,3,378,420,484
3447,2641,-1,300,380,440
3448,2641,2,279,300,331
3449,2641,3,400,420,450
3450,2641,4,460,500,545
3451,2641,-1,380,420,460
3452,2641,2,280,300,338
3453,2641,3,398,420,450
3454,2641,4,455,500,558
3455,2641,-1,383,400,420
3456,2641,-1,268,300,331
3457,2641,2,270,300,320
3458,2642,-1,435,480,560
3459,2642,-1,428,490,580
3460,2643,-1,320,365,400
3461,2646,-1,260,335,380
3462,2646,2,250,260,320
3463,2646,3,350,380,410
3464,2646,-1,330,355,385
3465,2646,3,350,375,400
3466,2646,-1,260,275,300
3467,2647,-1,300,350,420
3468,2647,-1,230,310,350
3469,2650,-1,340,430,500
3470,2650,1,190,250,308
3471,2650,2,300,340,390
3472,2650,3,420,450,500
3473,2650,4,500,550,600
3474,2650,-1,390,450,527
3475,2650,1,180,215,270
3476,2650,2,320,360,398
3477,2650,3,420,450,500
3478,2650,4,500,550,600
3479,2650,-1,369,420,523
3480,2650,-1,280,320,368
3481,2650,1,260,300,397
3482,2650,2,280,320,350
3483,2651,-1,400,420,500
3484,2651,-1,410,430,520
3485,2663,-1,333,380,428
3486,2663,3,380,380,400
3487,2663,-1,348,380,445
3488,2663,3,373,380,393
3489,2666,-1,275,330,378
3490,2666,3,325,340,368
3491,2666,-1,320,350,400
3492,2666,-1,195,270,280
3493,2671,-1,320,380,465
3494,2671,3,376,390,450
3495,2671,-1,375,425,485
3496,2671,3,375,400,450
3497,2671,-1,210,250,420
3498,2680,-1,340,390,450
3499,2680,2,313,340,370
3500,2680,3,380,420,455
3501,2680,4,425,470,520
3502,2680,-1,353,425,470
3503,2680,2,305,350,380
3504,2680,3,400,445,471
3505,2680,4,430,470,520
3506,2680,-1,345,380,390
3507,2680,-1,313,350,388
3508,2680,2,320,340,350
3509,2680,3,380,400,415
3510,2700,-1,230,285,380
3511,2700,2,233,265,284
3512,2700,3,348,370,430
3513,2700,-1,280,350,390
3514,2700,3,343,370,420
3515,2700,-1,188,220,228
3516,2701,-1,359,390,485
3517,2701,-1,370,400,500
3518,2705,-1,288,350,403
3519,2705,2,260,280,330
3520,2705,3,350,390,405
3521,2705,4,400,440,460
3522,2705,-1,330,380,430
3523,2705,3,335,375,415
3524,2705,4,400,440,460
3525,2705,-1,253,280,323
3526,2705,2,260,280,315
3527,2710,-1,228,300,380
3528,2710,2,208,243,285
3529,2710,3,340,370,380
3530,2710,-1,300,350,380
3531,2710,3,340,380,380
3532,2710,-1,180,225,254
3533,2710,2,195,230,263
3534,2713,-1,150,280,345
3535,2714,-1,280,330,350
3536,2720,-1,279,350,415
3537,2720,2,241,303,321
3538,2720,3,353,400,435
3539,2720,-1,350,398,435
3540,2720,3,368,400,443
3541,2720,-1,223,248,295
3542,2720,2,225,250,303
3543,2722,-1,315,380,420
3544,2731,-1,388,448,520
3545,2731,3,426,455,495
3546,2731,-1,414,470,524
3547,2731,3,428,460,490
3548,2745,-1,526,605,700
3549,2745,2,400,480,500
3550,2745,3,535,565,600
3551,2745,4,660,710,800
3552,2745,-1,560,650,726
3553,2745,3,550,580,618
3554,2745,4,663,715,800
3555,2745,-1,460,550,600
3556,2745,-1,410,490,500
3557,2747,-1,400,500,620
3558,2747,1,280,310,330
3559,2747,2,340,400,450
3560,2747,3,470,500,550
3561,2747,4,610,680,720
3562,2747,-1,490,570,680
3563,2747,2,365,400,428
3564,2747,3,480,500,570
3565,2747,4,620,680,720
3566,2747,-1,318,340,400
3567,2747,1,308,330,333
3568,2747,2,365,400,415
3569,2747,-1,448,480,520
3570,2747,2,378,400,443
3571,2747,3,460,500,515
3572,2747,-1,300,350,450
3573,2747,1,280,300,330
3574,2747,2,315,390,460
3575,2749,-1,480,550,650
3576,2749,2,400,400,435
3577,2749,3,503,530,599
3578,2749,4,625,700,900
3579,2749,-1,485,550,670
3580,2749,3,500,530,595
3581,2749,4,635,725,900
3582,2750,-1,420,495,570
3583,2750,1,350,425,470
3584,2750,2,390,450,530
3585,2750,3,466,520,579
3586,2750,4,613,675,745
3587,2750,-1,460,540,640
3588,2750,1,336,420,470
3589,2750,2,410,440,500
3590,2750,3,500,540,600
3591,2750,4,600,670,720
3592,2750,-1,350,420,485
3593,2750,-1,450,470,553
3594,2750,2,378,450,463
3595,2750,3,450,475,535
3596,2750,-1,380,450,525
3597,2750,1,370,445,475
3598,2750,2,380,460,550
3599,2750,3,420,460,563
3600,2752,-1,420,520,680
3601,2752,3,455,515,550
3602,2752,4,648,698,765
3603,2752,-1,428,535,684
3604,2752,3,455,515,550
3605,2752,4,648,698,765
3606,2753,-1,440,500,600
3607,2753,2,400,433,450
3608,2753,3,498,530,600
3609,2753,4,600,730,850
3610,2753,-1,480,543,655
3611,2753,2,450,450,475
3612,2753,3,500,535,600
3613,2753,4,593,725,858
3614,2753,-1,438,483,585
3615,2753,-1,380,405,446
3616,2753,2,380,410,435
3617,2754,-1,470,540,680
3618,2754,2,400,430,460
3619,2754,3,505,535,575
3620,2754,4,628,710,789
3621,2754,-1,500,600,725
3622,2754,4,620,725,785
3623,2756,-1,450,550,650
3624,2756,2,400,430,460
3625,2756,3,500,550,590
3626,2756,4,655,740,880
3627,2756,-1,500,570,685
3628,2756,2,430,460,480
3629,2756,3,510,550,590
3630,2756,4,655,740,880
3631,2756,-1,391,450,528
3632,2756,-1,299,398,435
3633,2756,2,366,423,450
3634,2758,-1,368,508,610
3635,2758,-1,470,530,630
3636,2759,-1,475,550,628
3637,2759,2,400,420,430
3638,2759,3,520,555,600
3639,2759,4,615,650,695
3640,2759,-1,520,580,650
3641,2759,2,415,420,435
3642,2759,3,520,560,600
3643,2759,4,615,650,695
3644,2760,-1,410,480,550
3645,2760,1,250,270,325
3646,2760,2,353,400,450
3647,2760,3,475,500,550
3648,2760,4,550,580,653
3649,2760,-1,450,500,580
3650,2760,2,380,428,450
3651,2760,3,470,510,550
3652,2760,4,550,600,665
3653,2760,-1,293,410,436
3654,2760,-1,493,520,560
3655,2760,3,485,500,530
3656,2760,4,543,568,638
3657,2760,-1,325,380,441
3658,2760,1,250,270,280
3659,2760,2,340,385,430
3660,2761,-1,480,550,670
3661,2761,2,403,450,450
3662,2761,3,495,540,570
3663,2761,4,620,728,768
3664,2761,-1,495,560,680
3665,2761,2,420,450,460
3666,2761,3,495,550,570
3667,2761,4,620,750,770
3668,2762,-1,525,600,720
3669,2762,0,385,420,450
3670,2762,1,395,450,480
3671,2762,2,535,560,580
3672,2762,3,600,650,684
3673,2762,4,700,730,760
3674,2762,-1,643,700,750
3675,2762,2,545,573,581
3676,2762,3,600,650,685
3677,2762,4,700,730,763
3678,2762,-1,400,430,480
3679,2762,0,395,420,445
3680,2762,-1,600,695,710
3681,2762,-1,491,543,580
3682,2762,1,400,465,491
3683,2762,2,539,560,580
3684,2763,-1,520,590,650
3685,2763,1,350,445,459
3686,2763,2,450,500,548
3687,2763,3,550,590,620
3688,2763,4,650,710,760
3689,2763,-1,535,600,680
3690,2763,2,430,460,500
3691,2763,3,526,570,600
3692,2763,4,650,725,775
3693,2763,-1,450,480,560
3694,2763,-1,553,600,648
3695,2763,3,580,600,631
3696,2763,-1,450,520,560
3697,2763,1,440,453,460
3698,2763,2,503,540,560
3699,2765,-1,650,700,770
3700,2765,1,350,365,421
3701,2765,2,420,450,480
3702,2765,3,589,645,668
3703,2765,4,700,750,799
3704,2765,-1,660,720,780
3705,2765,2,420,450,548
3706,2765,3,570,650,678
3707,2765,4,700,750,800
3708,2765,-1,420,440,740
3709,2765,-1,600,620,660
3710,2765,-1,400,425,468
3711,2765,2,400,430,473
3712,2766,-1,470,560,645
3713,2766,2,405,430,455
3714,2766,3,500,530,590
3715,2766,4,625,650,670
3716,2766,-1,520,610,650
3717,2766,3,510,550,600
3718,2766,4,633,650,680
3719,2766,-1,510,560,615
3720,2766,-1,425,450,468
3721,2767,-1,440,533,610
3722,2767,2,400,440,465
3723,2767,3,496,530,600
3724,2767,4,591,650,755
3725,2767,-1,499,550,623
3726,2767,3,491,530,600
3727,2767,4,588,650,760
3728,2767,-1,528,590,628
3729,2767,-1,300,400,440
3730,2768,-1,650,750,800
3731,2768,3,638,675,703
3732,2768,4,726,780,850
3733,2768,-1,680,750,828
3734,2768,3,643,675,708
3735,2768,4,730,780,850
3736,2769,-1,745,800,860
3737,2769,3,680,725,740
3738,2769,4,780,820,900
3739,2769,-1,760,800,875
3740,2769,3,695,730,745
3741,2769,4,780,820,900
3742,2770,-1,380,420,478
3743,2770,1,250,285,358
3744,2770,2,350,380,420
3745,2770,3,400,440,480
3746,2770,4,466,528,600
3747,2770,-1,396,430,489
3748,2770,2,350,380,400
3749,2770,3,400,440,480
3750,2770,4,458,500,600
3751,2770,-1,350,420,448
3752,2770,2,350,390,435
3753,2770,-1,365,450,490
3754,2770,3,350,435,485
3755,2770,-1,340,360,420
3756,2770,2,343,360,420
3757,2773,-1,520,595,660
3758,2773,-1,523,650,693
3759,2774,-1,490,590,680
3760,2774,3,538,593,631
3761,2774,4,733,760,868
3762,2774,-1,500,620,750
3763,2774,3,585,620,665
3764,2774,4,733,760,868
3765,2776,-1,500,570,595
3766,2776,-1,500,570,595
3767,2777,-1,460,530,620
3768,2777,2,423,430,478
3769,2777,3,515,530,585
3770,2777,4,623,690,800
3771,2777,-1,520,575,650
3772,2777,3,520,530,600
3773,2777,4,623,690,800
3774,2779,-1,490,510,550
3775,2779,3,493,520,540
3776,2779,-1,493,520,550
3777,2780,-1,440,500,600
3778,2780,1,325,350,380
3779,2780,2,385,430,500
3780,2780,3,480,530,630
3781,2780,4,550,630,700
3782,2780,-1,473,550,643
3783,2780,2,425,480,540
3784,2780,3,480,550,633
3785,2780,4,585,630,715
3786,2780,-1,343,370,428
3787,2780,1,320,350,355
3788,2780,2,354,393,435
3789,2782,-1,519,600,708
3790,2782,3,470,550,590
3791,2782,-1,506,600,723
3792,2782,3,450,525,570
3793,2783,-1,423,500,545
3794,2783,-1,450,500,545
3795,2785,-1,430,500,565
3796,2785,2,395,430,450
3797,2785,3,483,498,543
3798,2785,-1,450,500,583
3799,2785,3,483,498,543
3800,2787,-1,350,390,430
3801,2787,3,380,400,440
3802,2787,-1,380,400,440
3803,2787,3,390,400,435
3804,2790,-1,313,380,450
3805,2790,2,300,318,356
3806,2790,3,353,405,450
3807,2790,-1,340,400,460
3808,2790,2,320,340,390
3809,2790,3,350,400,455
3810,2790,-1,260,300,320
3811,2794,-1,240,325,380
3812,2794,2,210,240,275
3813,2794,3,320,350,390
3814,2794,4,350,420,420
3815,2794,-1,300,350,398
3816,2794,2,215,270,321
3817,2794,3,315,350,390
3818,2794,4,350,420,420
3819,2794,-1,200,230,240
3820,2794,2,200,230,240
3821,2795,-1,360,430,520
3822,2795,1,240,270,300
3823,2795,2,340,375,400
3824,2795,3,400,450,480
3825,2795,4,525,560,580
3826,2795,-1,410,480,550
3827,2795,2,338,380,405
3828,2795,3,400,450,480
3829,2795,4,528,560,585
3830,2795,-1,360,410,450
3831,2795,-1,300,350,388
3832,2795,1,243,275,300
3833,2795,2,340,370,390
3834,2799,-1,380,450,530
3835,2799,4,515,520,550
3836,2799,-1,380,463,525
3837,2799,4,515,520,550
3838,2800,-1,400,480,560
3839,2800,1,250,340,350
3840,2800,2,375,420,460
3841,2800,3,450,480,530
3842,2800,4,570,615,680
3843,2800,-1,450,500,590
3844,2800,1,271,320,400
3845,2800,2,400,443,480
3846,2800,3,450,480,535
3847,2800,4,570,620,680
3848,2800,-1,338,355,453
3849,2800,-1,395,420,466
3850,2800,-1,330,375,420
3851,2800,1,244,290,350
3852,2800,2,353,383,440
3853,2804,-1,350,360,400
3854,2820,-1,330,400,565
3855,2820,3,350,425,650
3856,2820,4,388,450,700
3857,2820,-1,350,400,650
3858,2820,3,350,400,655
3859,2820,4,403,500,700
3860,2821,-1,300,390,438
3861,2821,2,280,300,320
3862,2821,3,343,400,423
3863,2821,-1,315,400,460
3864,2821,3,380,400,450
3865,2824,-1,220,290,335
3866,2827,-1,260,285,350
3867,2827,-1,268,295,350
3868,2829,-1,190,250,260
3869,2830,-1,360,430,500
3870,2830,1,223,270,300
3871,2830,2,320,350,380
3872,2830,3,400,430,470
3873,2830,4,495,540,600
3874,2830,-1,400,460,530
3875,2830,2,350,360,400
3876,2830,3,401,440,470
3877,2830,4,493,540,600
3878,2830,-1,295,363,400
3879,2830,2,310,335,363
3880,2830,-1,360,380,435
3881,2830,2,358,360,428
3882,2830,-1,290,326,376
3883,2830,1,260,280,322
3884,2830,2,310,330,380
3885,2834,-1,235,270,300
3886,2835,-1,180,250,288
3887,2835,2,220,250,250
3888,2835,3,236,270,293
3889,2835,4,201,315,343
3890,2835,-1,199,250,300
3891,2835,3,250,280,298
3892,2835,4,201,315,343
3893,2835,-1,143,205,250
3894,2840,-1,255,310,350
3895,2840,-1,293,325,350
3896,2847,-1,358,385,423
3897,2848,-1,300,335,350
3898,2848,-1,300,338,350
3899,2850,-1,420,500,590
3900,2850,1,275,320,350
3901,2850,2,360,400,420
3902,2850,3,460,490,550
3903,2850,4,560,590,650
3904,2850,-1,473,550,630
3905,2850,2,400,400,425
3906,2850,3,470,495,550
3907,2850,4,568,600,650
3908,2850,-1,410,450,480
3909,2850,-1,344,380,443
3910,2850,2,355,380,410
3911,2852,-1,400,450,583
3912,2852,-1,410,480,593
3913,2866,-1,360,400,450
3914,2866,-1,360,400,450
3915,2870,-1,318,380,450
3916,2870,2,233,300,340
3917,2870,3,350,380,430
3918,2870,4,440,450,495
3919,2870,-1,350,400,450
3920,2870,2,310,340,350
3921,2870,3,350,380,430
3922,2870,4,440,450,495
3923,2870,-1,210,230,290
3924,2870,2,225,235,305
3925,2871,-1,280,350,435
3926,2871,2,258,300,365
3927,2871,3,308,365,450
3928,2871,-1,300,365,450
3929,2871,3,310,380,450
3930,2871,-1,258,280,315
3931,2880,-1,260,300,380
3932,2880,1,190,190,240
3933,2880,2,245,280,300
3934,2880,3,273,320,380
3935,2880,4,400,440,500
3936,2880,-1,273,320,380
3937,2880,2,250,285,295
3938,2880,3,277,320,380
3939,2880,-1,190,235,288
3940,2880,1,190,190,250
3941,2880,2,225,280,350
